round,seed,epsilon_level,mode,val_ihm_auroc,val_ihm_auprc,val_decomp_auroc,val_decomp_auprc,val_pheno_macro_auroc,epsilon_ihm,epsilon_decomp,epsilon_pheno,train_loss,ihm_loss,decomp_loss,pheno_loss,elapsed_s,grad_sim_ihm_decomp,grad_sim_ihm_pheno,grad_sim_decomp_pheno,sigma_decomp,sigma_ihm,sigma_pheno
1,42,1.0,uniform,0.5411231177797549,0.16130048605896982,0.49597007251953495,0.10639733513931557,0.5362794169053852,0.12243404449614997,0.12243404449614997,0.12243404449614997,1.0430772072883672,0.40950858911832866,1.3619879197866116,0.46507622737551363,7.2,-0.040412481874227524,-0.06229908764362335,0.020600575953722,1.0835232734680176,0.8943809866905212,0.8908355236053467
2,42,1.0,uniform,0.4853883229871614,0.14142912460238793,0.5222907359567246,0.1547021540803975,0.5487750877394282,0.14200083778102024,0.14200083778102024,0.14200083778102024,0.9181868150244634,0.3978130425037775,1.3606258508419886,0.449125495930426,5.8,,,,1.1291521787643433,0.8103386163711548,0.8094716668128967
3,42,1.0,uniform,0.4933058101835654,0.14100375670320675,0.47716321206295886,0.10735556973638966,0.5466239975556938,0.16156763106589053,0.16156763106589053,0.16156763106589053,0.8511490980610577,0.3987955582454215,1.3563219441597119,0.4488947852209666,5.8,,,,1.1524478197097778,0.746566116809845,0.750304102897644
4,42,1.0,uniform,0.5633165728680389,0.16805046396232115,0.47585183576714984,0.1212847688778361,0.5496880993168329,0.18113442435076077,0.18113442435076077,0.18113442435076077,0.8140196904344851,0.3982285162246904,1.354346155860018,0.4481531887856113,5.8,,,,1.1606566905975342,0.7000536918640137,0.7110251784324646
5,42,1.0,uniform,0.5158195634281982,0.1560651823859892,0.495677886810769,0.10655751146488646,0.5430790245083231,0.20070121763563106,0.20070121763563106,0.20070121763563106,0.8024586077340305,0.3989803521003265,1.3579076171962454,0.45032066106796265,5.8,,,,1.1651002168655396,0.6693899035453796,0.6888352036476135
6,42,1.0,uniform,0.5193249331080834,0.15311504758389388,0.4747820848115588,0.10093761426852392,0.5485564175158599,0.22026801092050133,0.22026801092050133,0.22026801092050133,0.7862102326867882,0.39783865031196564,1.338398589317455,0.44849143707596056,5.8,0.034864213317632675,-0.20963533222675323,-0.0769556313753128,1.158821702003479,0.649218738079071,0.6770926117897034
7,42,1.0,uniform,0.510893469416316,0.15874989192974387,0.5175141116649689,0.11450385050431441,0.5486227864866321,0.2390323540744821,0.2390323540744821,0.2390323540744821,0.7888018042499843,0.3974543655673489,1.351884194596886,0.44830331297420517,5.8,,,,1.162827491760254,0.6388553380966187,0.6715961694717407
8,42,1.0,uniform,0.49232658916201005,0.13730837469203272,0.45062061521856445,0.10204304619580855,0.5509025167673698,0.2565769395000697,0.2565769395000697,0.2565769395000697,0.7858331260722797,0.3975920953734993,1.3452571229643175,0.4480215629896222,5.8,,,,1.162943720817566,0.6343899369239807,0.6699491739273071
9,42,1.0,uniform,0.5285677632609268,0.1568092669084984,0.5569134119094682,0.15514084658459332,0.5495375652734471,0.2731485616370893,0.2731485616370893,0.2731485616370893,0.7904841833499842,0.39685985049045763,1.3597957887503778,0.44826303376901616,5.8,,,,1.1631879806518555,0.6318668127059937,0.669981837272644
10,42,1.0,uniform,0.5839764287213731,0.17846854755045743,0.5201757159082079,0.11470711406767967,0.5346385328158904,0.2888802239892294,0.2888802239892294,0.2888802239892294,0.7842231778078205,0.3977215625833736,1.339859800047229,0.44832719947052835,5.7,,,,1.1581339836120605,0.6311953663825989,0.6697956919670105
11,42,1.0,uniform,0.5304449853554185,0.16412899755526766,0.5526562288777408,0.13522329161596036,0.5391659741749159,0.30390783215731965,0.30390783215731965,0.30390783215731965,0.7911397603922016,0.39814305956186685,1.350320734571682,0.4505322589884679,5.7,0.009296939708292484,0.5927685499191284,0.007017351686954498,1.1636512279510498,0.6294282674789429,0.6712266802787781
12,42,1.0,uniform,0.5434797458273772,0.17942356267349605,0.4384132133934948,0.09111145316863598,0.5421701545401727,0.31831295940881144,0.31831295940881144,0.31831295940881144,0.7924691840811068,0.39718472554173534,1.35799160196271,0.450273891073127,5.7,,,,1.1628767251968384,0.6313507556915283,0.6706852316856384
13,42,1.0,uniform,0.5367847229858286,0.1803682206941242,0.47299703769461754,0.0965315632808683,0.5448414513020584,0.3321918373360301,0.3321918373360301,0.3321918373360301,0.785819531788472,0.3966800787172984,1.3464595113258695,0.4487338318574897,5.7,,,,1.1597042083740234,0.6301103830337524,0.6689726710319519
14,42,1.0,uniform,0.5376756433452956,0.18226050231182148,0.5365365189558805,0.1259933949121943,0.5463674962771206,0.3455590617660939,0.3455590617660939,0.3455590617660939,0.7908892157816991,0.39703290177484785,1.3559122845595581,0.4497201105652938,5.7,,,,1.1626040935516357,0.6297534704208374,0.6708242893218994
15,42,1.0,uniform,0.564374514762871,0.16157786117173145,0.5539181092338135,0.11956388759162281,0.5385239373564216,0.3585244699183368,0.3585244699183368,0.3585244699183368,0.7891301260244378,0.39757516375014873,1.3496824245265477,0.44961060785310236,5.7,,,,1.1620020866394043,0.6309001445770264,0.6701844334602356
16,42,1.0,uniform,0.5525359783546755,0.17233542207264763,0.5215408458589994,0.11488194733400865,0.5450312833612494,0.3710891451881076,0.3710891451881076,0.3710891451881076,0.7902792521699548,0.3976607558248345,1.354470330034281,0.44895184560634166,5.7,-0.01435727346688509,-0.314612478017807,-0.012527554295957088,1.1610238552093506,0.6313002109527588,0.6701934337615967
17,42,1.0,uniform,0.5698624842141741,0.19350011481253376,0.4653187804626221,0.09763419069620921,0.5405759583748891,0.3832818882917934,0.3832818882917934,0.3832818882917934,0.7912113545503158,0.39715747294467607,1.3544786101345412,0.4503452468126622,5.7,,,,1.1634881496429443,0.6305171847343445,0.6699960827827454
18,42,1.0,uniform,0.5321514373015317,0.1769517433309681,0.5014566708285833,0.10960569629601133,0.5448941884127274,0.39515878445078234,0.39515878445078234,0.39515878445078234,0.790401480734088,0.3967970607062094,1.3572924358355427,0.449115121078283,5.7,,,,1.1659873723983765,0.6305441856384277,0.6685382723808289
19,42,1.0,uniform,0.5716522386716916,0.19195336472482027,0.46884895861607223,0.09756436892623403,0.5396797522771084,0.40674739652779823,0.40674739652779823,0.40674739652779823,0.7864239870460793,0.3959687611161361,1.3512629556864109,0.44847660736225575,5.7,,,,1.1633615493774414,0.6292593479156494,0.6685189604759216
20,42,1.0,uniform,0.5978687885482372,0.21346041869003035,0.5187296893677399,0.1108168132955169,0.5392888696173216,0.4180445628924866,0.4180445628924866,0.4180445628924866,0.7864799521635714,0.39642954705584,1.3461462035449832,0.4497098239488477,5.7,,,,1.1632139682769775,0.629030704498291,0.671612024307251
21,42,1.0,uniform,0.6083499105331027,0.21987312560117256,0.46886545726265105,0.09789084012559883,0.5404772197473592,0.4290631211359902,0.4290631211359902,0.4290631211359902,0.7883506622897486,0.3967207855012219,1.3493605300328617,0.4499835744174807,5.7,0.004366714041680098,-0.2611805200576782,0.0016603614203631878,1.1609199047088623,0.6287468075752258,0.6708451509475708
22,42,1.0,uniform,0.6209006834138036,0.25615276970607515,0.47549897761612653,0.0961186097194042,0.5369007174293442,0.43985867703510484,0.43985867703510484,0.43985867703510484,0.7883791884480605,0.3965378119305232,1.3493098668656496,0.45022355768357825,5.7,,,,1.163831114768982,0.6302628517150879,0.6711921095848083
23,42,1.0,uniform,0.6340166638343813,0.27282553238427765,0.512475637885576,0.11209017751993106,0.5339500763707155,0.450469559777101,0.450469559777101,0.450469559777101,0.7827212456532441,0.3941301862875968,1.3467215104394605,0.44870639328873313,5.7,,,,1.163305640220642,0.6298987865447998,0.669197678565979
24,42,1.0,uniform,0.6409274401804665,0.2733686952646245,0.5246170451243306,0.11410255330991007,0.527001814847232,0.46083066427806246,0.46083066427806246,0.46083066427806246,0.7810755133889128,0.3894698146128759,1.3526383026718574,0.45063724476177097,5.7,,,,1.1662565469741821,0.6255333423614502,0.6724442839622498
25,42,1.0,uniform,0.6369122591307883,0.27329160169709643,0.5279529650196759,0.11303121732681357,0.5333600302450476,0.4709887633433165,0.4709887633433165,0.4709887633433165,0.7758049899834212,0.3877174440429721,1.3434599242356147,0.45097084219799294,5.7,,,,1.1613060235977173,0.6243361234664917,0.668929934501648
26,42,1.0,uniform,0.6415517925034405,0.24867003373160013,0.5197770873182886,0.11264136585013763,0.5278612934897703,0.48103865784433963,0.48103865784433963,0.48103865784433963,0.7743422512664545,0.38265616638691663,1.360876431111165,0.44975868778457806,5.7,0.006572859827429056,-0.488505095243454,-0.003569633001461625,1.162969708442688,0.6201034784317017,0.6703985929489136
27,42,1.0,uniform,0.6443774136902679,0.2654928664108976,0.5256186726359834,0.11638230313391432,0.5412210173715878,0.4907934372364775,0.4907934372364775,0.4907934372364775,0.7676471941596036,0.382240713358446,1.34772796063444,0.4486093742358112,5.8,,,,1.161686658859253,0.6220656633377075,0.6686110496520996
28,42,1.0,uniform,0.6545661438601051,0.2732725302444858,0.5294798881498205,0.11264557961061843,0.5464815427376674,0.5005112669623176,0.5005112669623176,0.5005112669623176,0.7711275684521188,0.38341449083979995,1.3535908884877201,0.44841624867968166,5.8,,,,1.1609220504760742,0.6210343241691589,0.6670678853988647
29,42,1.0,uniform,0.6591761048412088,0.28131456725728976,0.47907652285168995,0.09926199894085178,0.5471455073595274,0.5099399508112155,0.5099399508112155,0.5099399508112155,0.7767177366013089,0.3874208644097549,1.3584737775107139,0.4471442664294264,5.8,,,,1.1641054153442383,0.6222801804542542,0.6681700944900513
30,42,1.0,uniform,0.6646332523632923,0.27120676052157494,0.5092887380238453,0.1094027097607741,0.5481793186116655,0.5193686346601132,0.5193686346601132,0.5193686346601132,0.7668963469011815,0.3813414600348368,1.3531859295857525,0.44716052483262975,5.8,,,,1.165486216545105,0.6170703172683716,0.6693484783172607
31,42,1.0,uniform,0.6723258227789051,0.2965009487357576,0.4686499104283155,0.09585436051216893,0.5440518024620932,0.5284923214015302,0.5284923214015302,0.5284923214015302,0.7648945275092229,0.3808918823061031,1.3464617138346209,0.44818064180003503,5.8,-0.021203290671110153,0.2117716670036316,-0.028976889327168465,1.1589860916137695,0.6172542572021484,0.6694708466529846
32,42,1.0,uniform,0.6797668196100777,0.3035483453334334,0.46805010479301656,0.09677226005199979,0.5502276951486285,0.5376110024203633,0.5376110024203633,0.5376110024203633,0.7625244862387794,0.3786730242478275,1.3490138839946564,0.44778058583559427,5.8,,,,1.159625768661499,0.616024374961853,0.6685874462127686
33,42,1.0,uniform,0.6682244236299236,0.27421393949053663,0.5038825040900676,0.10665577099819011,0.5443343194424568,0.5465236117855061,0.5465236117855061,0.5465236117855061,0.7599714693804496,0.3762344375057512,1.349751016718852,0.4481697194440917,5.8,,,,1.1621731519699097,0.6139417886734009,0.6710487604141235
34,42,1.0,uniform,0.67029532406343,0.3037880699754073,0.4979637476835368,0.10622007761973587,0.5504811235786102,0.5553326901943005,0.5553326901943005,0.5553326901943005,0.7615227531397707,0.3761470047146993,1.3547351792389648,0.4479890014146613,5.8,,,,1.1635417938232422,0.6117957830429077,0.6693341135978699
35,42,1.0,uniform,0.6804165791990298,0.28915090846245456,0.5095665539436555,0.10801663569452039,0.5466033449668282,0.5641176437816462,0.5641176437816462,0.5641176437816462,0.7605143663144007,0.3743290958446186,1.359106783783592,0.4478260635288522,5.8,,,,1.1643528938293457,0.6118436455726624,0.668157160282135
36,42,1.0,uniform,0.6810038619044287,0.30245676417112066,0.5120823314397145,0.11043664621561136,0.5466048082813716,0.5726175187233636,0.5726175187233636,0.5726175187233636,0.7554963428901272,0.3730928535414575,1.3485315939224443,0.4483091958745598,5.8,-0.0887293592095375,-0.16028714179992676,-0.048264190554618835,1.16032874584198,0.6111598014831543,0.6693660020828247
37,42,1.0,uniform,0.684839942554588,0.29975715130980424,0.5790615144054474,0.14105502416947668,0.5535898444474465,0.5811173936650812,0.5811173936650812,0.5811173936650812,0.7526653731754253,0.37313850204496923,1.3463451922200131,0.4464711329562175,5.8,,,,1.161976933479309,0.6106418967247009,0.6692429184913635
38,42,1.0,uniform,0.6778758526012042,0.3025132017750953,0.5966554582312812,0.13182040572991785,0.5478850812834591,0.5895621839271007,0.5895621839271007,0.5895621839271007,0.7504885451762436,0.37130199125500224,1.3457915059343697,0.4468991583351485,5.8,,,,1.1639412641525269,0.6093841195106506,0.6675993800163269
39,42,1.0,uniform,0.6779958082176262,0.2853193574674955,0.495107885182193,0.10162329097297958,0.5286937093833428,0.5977532534723363,0.5977532534723363,0.5977532534723363,0.7581517561033824,0.3738890282451846,1.3534763117023951,0.4481011017441229,5.8,,,,1.163351058959961,0.6099815368652344,0.6686593294143677
40,42,1.0,uniform,0.6988789148015234,0.29987629662396176,0.48248429169181384,0.0976679417931772,0.5412037976861774,0.6059443230175718,0.6059443230175718,0.6059443230175718,0.7568033583559844,0.3741914363797575,1.3481871261867373,0.44827164781145656,5.8,,,,1.1650997400283813,0.6114498972892761,0.6701364517211914
41,42,1.0,uniform,0.6845671268297395,0.298966397651882,0.5251982232554279,0.12884797863301656,0.5464982913650531,0.6141353925628074,0.6141353925628074,0.6141353925628074,0.7525979892135187,0.3700995237676337,1.3513988753593644,0.4483513056451056,5.8,0.0006797531968913972,-0.2690064609050751,-0.0023342485073953867,1.1632120609283447,0.6093252301216125,0.6691159009933472
42,42,1.0,uniform,0.7003358757259813,0.31483857720551167,0.4924531997262289,0.10472796207659943,0.5479686640346276,0.6220442122938817,0.6220442122938817,0.6220442122938817,0.7507364453186635,0.369511939487603,1.3497734470658949,0.4479387260680636,5.8,,,,1.160966396331787,0.6081139445304871,0.6691857576370239
43,42,1.0,uniform,0.6762177161117053,0.28928740976844414,0.4721135617810449,0.09647817824331958,0.5506542961808072,0.6299268734455296,0.6299268734455296,0.6299268734455296,0.7603934661009426,0.37401956716739454,1.3595073420928556,0.4479390538936099,5.8,,,,1.1650793552398682,0.6122332811355591,0.6690589785575867
44,42,1.0,uniform,0.7045726414559945,0.3162010485781758,0.4685589017649294,0.09660645696634228,0.5468945711072211,0.6378095345971776,0.6378095345971776,0.6378095345971776,0.7516464557189608,0.3718158832413661,1.3453605162004196,0.4474407627072397,5.8,,,,1.161921739578247,0.6102589964866638,0.6704840064048767
45,42,1.0,uniform,0.7059887841498645,0.31705782739809785,0.4609508968344952,0.0953203509067721,0.5402332279838964,0.6456225985558007,0.6456225985558007,0.6456225985558007,0.7528746651249681,0.3698191658378168,1.3550485255416305,0.4477641031991967,5.8,,,,1.1624294519424438,0.6102108955383301,0.6674041748046875
46,42,1.0,uniform,0.7026225296640244,0.2946265776494818,0.4700437799570184,0.09711328379224701,0.5533658758059427,0.6531972472536928,0.6531972472536928,0.6531972472536928,0.7501092446422993,0.36802318119586297,1.355089501522514,0.4474249148993513,5.8,-0.00019066021195612848,-0.11727354675531387,-7.050485874060541e-05,1.1612510681152344,0.6074778437614441,0.6698203682899475
47,42,1.0,uniform,0.7071650156108906,0.32125510662248963,0.4590120397542872,0.09489676839780445,0.5512212161121188,0.6607718959515848,0.6607718959515848,0.6607718959515848,0.7485381095430216,0.36865468733175355,1.3464942561486923,0.44812954617379536,5.8,,,,1.158215045928955,0.6074979305267334,0.6692407727241516
48,42,1.0,uniform,0.7264228901972937,0.33733433418794,0.5502261379010103,0.12590644198309636,0.5435655756348687,0.6683465446494766,0.6683465446494766,0.6683465446494766,0.7513070610152582,0.36645123316991796,1.3659836022614391,0.4468037935063308,5.8,,,,1.164966344833374,0.6072813868522644,0.6665478944778442
49,42,1.0,uniform,0.7236730742958439,0.31633841475588104,0.5416798389732094,0.1259638400392021,0.5520374447590415,0.6759106339759428,0.6759106339759428,0.6759106339759428,0.7475981156638616,0.3653994525363872,1.3581366268307882,0.4474003488059648,5.8,,,,1.165218710899353,0.6036233305931091,0.669000506401062
50,42,1.0,uniform,0.7225743141704236,0.3401517983350252,0.4640505135336801,0.09674498936984463,0.5521704412513911,0.6831776651014589,0.6831776651014589,0.6831776651014589,0.7461858993013873,0.3654393286293771,1.353860235630685,0.44745561883959706,5.8,,,,1.1641998291015625,0.603241503238678,0.6690094470977783
51,42,1.0,uniform,0.7176278110432474,0.33148804949575655,0.559190225137338,0.13693086579690178,0.5490846665727291,0.690444696226975,0.690444696226975,0.690444696226975,0.7398967599764662,0.3605002130353295,1.3572080577825354,0.44684715666625174,5.8,-0.05866333097219467,-0.1155681163072586,0.050473589450120926,1.1633708477020264,0.6008950471878052,0.6695233583450317
52,42,1.0,uniform,0.7269685216469906,0.3383569229103272,0.49360597612911944,0.10538083800916516,0.5458418060535457,0.6977117273524912,0.6977117273524912,0.6977117273524912,0.7386707329073328,0.3624373686105403,1.3476011958705285,0.4465278164528343,5.8,,,,1.1597381830215454,0.6031073331832886,0.6670227646827698
53,42,1.0,uniform,0.7287970117723109,0.34659896682650965,0.48706825436868195,0.09897089587082636,0.5540992101387886,0.7049787584780074,0.7049787584780074,0.7049787584780074,0.7438070610100526,0.3642119480272568,1.3555694586845464,0.4463083586578286,5.8,,,,1.1618714332580566,0.6024612784385681,0.6682122349739075
54,42,1.0,uniform,0.7252916420924259,0.3023957631753832,0.4980254845546057,0.10120538425668625,0.55049856114095,0.7121701654860202,0.7121701654860202,0.7121701654860202,0.7415350454342938,0.3624355983656046,1.354610740097329,0.44673305971133137,5.7,,,,1.1647124290466309,0.6036379933357239,0.6678755283355713
55,42,1.0,uniform,0.7304505666236825,0.3425046224247176,0.5488333328011189,0.12583789214716598,0.5458289975901159,0.719129972866668,0.719129972866668,0.719129972866668,0.7389880630907534,0.3616294022080159,1.3485227672293718,0.44750925195789754,5.8,,,,1.1616288423538208,0.6021709442138672,0.6694170236587524
56,42,1.0,uniform,0.7402565217536178,0.3542245662773066,0.46400208202275545,0.09861505213132499,0.5512317578561666,0.7260897802473159,0.7260897802473159,0.7260897802473159,0.7386902289619612,0.3600502876995953,1.3523247202931534,0.44795845689731917,5.8,0.0030855415388941765,-0.27975723147392273,-0.02140992134809494,1.1673853397369385,0.6002247929573059,0.669012188911438
57,42,1.0,uniform,0.7392814658576327,0.35177517966224126,0.5736451683979602,0.12939205134307252,0.5517313573204919,0.7330495876279638,0.7330495876279638,0.7330495876279638,0.7343932496928752,0.3592706921969959,1.3465857305380975,0.446941444577088,5.7,,,,1.1652796268463135,0.6014091968536377,0.6697754263877869
58,42,1.0,uniform,0.7243344962363925,0.3428352467867944,0.5621967043155138,0.13392596436171872,0.5495351470440863,0.7400093950086117,0.7400093950086117,0.7400093950086117,0.7387687774724835,0.36216274027480827,1.3494691099141882,0.44634867534366757,5.8,,,,1.1625056266784668,0.6029444932937622,0.6698369383811951
59,42,1.0,uniform,0.7220978238051922,0.3110840232201771,0.5141063428248449,0.10527351035927733,0.5472276204795918,0.7469692023892596,0.7469692023892596,0.7469692023892596,0.7414255319203872,0.36269978781974993,1.3527848085461747,0.4469519910854023,5.8,,,,1.1607650518417358,0.6026899814605713,0.6695259213447571
60,42,1.0,uniform,0.7188815138398793,0.3374414959294474,0.5319137046273915,0.10739748764909929,0.5530416391286357,0.753700617375209,0.753700617375209,0.753700617375209,0.7399077395945137,0.3639856976452873,1.3453501265121859,0.4464619818212684,5.8,,,,1.1626487970352173,0.6041580438613892,0.6670006513595581
61,42,1.0,uniform,0.7318100636097977,0.3484635294059056,0.5932146920979999,0.13069591848411377,0.5527909106066557,0.7603535937891774,0.7603535937891774,0.7603535937891774,0.7436606751258716,0.36305241507994557,1.3587789738542648,0.4465402619807481,5.8,0.004733467474579811,0.03680300712585449,0.0012303427793085575,1.1658748388290405,0.603082001209259,0.6674439907073975
62,42,1.0,uniform,0.704520993898924,0.32386577647819664,0.5615431450252323,0.13088735932936338,0.5485776131876463,0.7670065702031459,0.7670065702031459,0.7670065702031459,0.7434031926908868,0.3647324707700696,1.350893373312388,0.44684597979987034,5.7,,,,1.1615098714828491,0.6022576093673706,0.6704450249671936
63,42,1.0,uniform,0.7329154879361303,0.32732217159955335,0.4918640383790452,0.10273222722271469,0.5444146300198696,0.7736595466171143,0.7736595466171143,0.7736595466171143,0.7396641292946828,0.3614549906883698,1.352812415647715,0.44691828556976987,5.8,,,,1.1636732816696167,0.6016054749488831,0.6696587204933167
64,42,1.0,uniform,0.6934417598821769,0.3125646978537173,0.4945575754866302,0.09980928465653136,0.5456437896916186,0.7803125230310828,0.7803125230310828,0.7803125230310828,0.7568087855020464,0.36951189738694235,1.3622859521203687,0.44922756979559186,5.8,,,,1.1690434217453003,0.6050859689712524,0.6700742840766907
65,42,1.0,uniform,0.7283813322404044,0.3374809467865214,0.5318876261215089,0.11696123226516124,0.5541580745503883,0.7869654994450512,0.7869654994450512,0.7869654994450512,0.7456118693518327,0.3635031977204777,1.3603893994764469,0.4472040232092012,5.8,,,,1.1644341945648193,0.6026328802108765,0.6677825450897217
66,42,1.0,uniform,0.7377070483920949,0.34792862925930607,0.5494054632873181,0.11486209112535439,0.5488358504520939,0.7935014411179728,0.7935014411179728,0.7935014411179728,0.7358763981854551,0.3616600522047568,1.3420587996728555,0.446793541117006,5.8,0.004146079532802105,-0.3487430512905121,-0.00033156515564769506,1.1595748662948608,0.6030676364898682,0.6686576008796692
67,42,1.0,uniform,0.7391123617594823,0.3389828389169487,0.5481611460066357,0.11514740628351458,0.5453513260576658,0.7998479782986556,0.7998479782986556,0.7998479782986556,0.7377566662678031,0.35996409203027535,1.351399948763535,0.44750338818829133,5.8,,,,1.160089135169983,0.6006353497505188,0.6678435802459717
68,42,1.0,uniform,0.7142623895825212,0.33751597363372376,0.47276712107132635,0.09581961213966611,0.5534104793955373,0.8061945154793384,0.8061945154793384,0.8061945154793384,0.741316074106891,0.3610621133746018,1.3603564355050632,0.44636194414446967,5.8,,,,1.166290521621704,0.6025936603546143,0.6682871580123901
69,42,1.0,uniform,0.7190439537371173,0.3324199111794253,0.5215019942073784,0.10580367732573881,0.5444660420794396,0.8125410526600212,0.8125410526600212,0.8125410526600212,0.7412703849342712,0.36484636685213145,1.3463580962351835,0.4462820661120019,5.8,,,,1.1608388423919678,0.6043282747268677,0.6678574681282043
70,42,1.0,uniform,0.7391606772160967,0.3092544922089876,0.5191623796796282,0.10494558877323426,0.5553664681096505,0.818887589840704,0.818887589840704,0.818887589840704,0.7410400088176977,0.36319701210900684,1.351366351785618,0.4464547060202303,5.8,,,,1.164709210395813,0.6036929488182068,0.6678964495658875
71,42,1.0,uniform,0.732364858335749,0.3461072463138229,0.5066468257136195,0.10162466439005877,0.5516248096996947,0.8252341270213869,0.8252341270213869,0.8252341270213869,0.7358344936474962,0.36006348238501484,1.3473573777352879,0.44699137843331915,5.8,6.3433690229430795e-06,0.06798842549324036,0.0010141388047486544,1.1645481586456299,0.599372386932373,0.6695133447647095
72,42,1.0,uniform,0.726714865499765,0.3175981678785786,0.5416809034020209,0.10944805875110288,0.5543085328171236,0.8315806642020697,0.8315806642020697,0.8315806642020697,0.7340093387786999,0.3600902633505617,1.346892558851617,0.4454870691205737,5.8,,,,1.1621904373168945,0.6001619100570679,0.6674469113349915
73,42,1.0,uniform,0.7264562112018553,0.3394514666606157,0.5263733526633605,0.10800651382041204,0.5536553190729451,0.8379272013827525,0.8379272013827525,0.8379272013827525,0.7413000550332548,0.36223725883460983,1.3554506575176288,0.44650290873894005,5.8,,,,1.164671540260315,0.6020757555961609,0.6682851314544678
74,42,1.0,uniform,0.7345948665660371,0.3494725002086127,0.5441466527439378,0.10953665595365505,0.5393140330901998,0.8439761908729294,0.8439761908729294,0.8439761908729294,0.7460504487872645,0.36316000868659876,1.3587108080043542,0.4485653041491863,5.8,,,,1.165022373199463,0.6012420654296875,0.6689074039459229
75,42,1.0,uniform,0.7495501664384179,0.3599887353880723,0.5432924486226823,0.11802823851668354,0.541752468298067,0.8500166795134223,0.8500166795134223,0.8500166795134223,0.7361305916934034,0.35808496782352833,1.3529925281303938,0.4478794208780647,5.8,,,,1.1624946594238281,0.598719596862793,0.667544960975647
76,42,1.0,uniform,0.7391548460402984,0.3588458369953535,0.5496939234952436,0.12332014001706536,0.5471491873689573,0.8560571681539151,0.8560571681539151,0.8560571681539151,0.7365406133462248,0.35688274604264303,1.3594758692787203,0.44762510881153256,5.8,-0.0020277511794120073,0.08312394469976425,0.0008246870711445808,1.1674816608428955,0.5988360047340393,0.6711280941963196
77,42,1.0,uniform,0.7395809383861305,0.337520384596738,0.5572407237690147,0.1274649155928178,0.538105952344993,0.8620976567944079,0.8620976567944079,0.8620976567944079,0.7365295089228184,0.3590840147442172,1.351406720007351,0.4474991679712154,5.8,,,,1.165847659111023,0.5982547402381897,0.6686279773712158
78,42,1.0,uniform,0.7458032194754608,0.3578181963705936,0.5447155899437023,0.12155546881787734,0.5432030802355855,0.8681381454349006,0.8681381454349006,0.8681381454349006,0.7350325740580996,0.3568254498415118,1.357467770576477,0.44699570471542893,5.7,,,,1.1652939319610596,0.5982204675674438,0.6674291491508484
79,42,1.0,uniform,0.7544117010039618,0.36216298466457725,0.6081177598882774,0.13429403531016873,0.5387034484214397,0.8741786340753934,0.8741786340753934,0.8741786340753934,0.7375457502869018,0.36041664140193225,1.347650567777292,0.44798412788903347,5.8,,,,1.162837266921997,0.5985614061355591,0.669184684753418
80,42,1.0,uniform,0.7542900793373118,0.37227357556266427,0.6104483267711297,0.14370604331444461,0.5372593589390319,0.8802191227158862,0.8802191227158862,0.8802191227158862,0.7404853002733539,0.358685574872525,1.3626549007070117,0.4478279484932079,5.8,,,,1.163712978363037,0.5982392430305481,0.6683445572853088
81,42,1.0,uniform,0.7420621036883019,0.35536334343844744,0.5265633532062193,0.11171477921533352,0.5503982766063262,0.886259611356379,0.886259611356379,0.886259611356379,0.7342595169117357,0.3589058772835669,1.3448339380551635,0.4478842587450186,5.8,-0.06459824740886688,-0.23579145967960358,0.027791079133749008,1.1613380908966064,0.5990199446678162,0.6696746349334717
82,42,1.0,uniform,0.7667496359680253,0.3726097036767897,0.5293345936170462,0.11225250879061882,0.5526389868589632,0.892215845839502,0.892215845839502,0.892215845839502,0.7337442657312452,0.35754341049746136,1.3509392095445025,0.44710485734793814,5.8,,,,1.1630747318267822,0.5984626412391663,0.6686235666275024
83,42,1.0,uniform,0.7616640176468039,0.37388468575345685,0.6086419910779577,0.1332554930829025,0.5548602048922181,0.8979506755970713,0.8979506755970713,0.8979506755970713,0.7347477572974159,0.3593515840289895,1.3484175814291275,0.4465571051081195,5.8,,,,1.1607601642608643,0.5993258953094482,0.6673365235328674
84,42,1.0,uniform,0.7564751042114419,0.3612771225908383,0.5744504087938851,0.1242104853198854,0.5513455557438812,0.9036855053546405,0.9036855053546405,0.9036855053546405,0.7346274425889727,0.3578640135354871,1.3530686794410105,0.44678871170922657,5.8,,,,1.1614872217178345,0.5980456471443176,0.6684401035308838
85,42,1.0,uniform,0.7718677422686939,0.38946998922550624,0.6216274903642582,0.13837729912428048,0.5564764830848308,0.9094203351122098,0.9094203351122098,0.9094203351122098,0.7241187163315486,0.3536529806503562,1.342241679737141,0.44626153335300595,5.8,,,,1.160810112953186,0.5949389338493347,0.6678674817085266
86,42,1.0,uniform,0.7580628500788043,0.37457234512551396,0.5087277840401673,0.10911374067977819,0.5508587351909857,0.915155164869779,0.915155164869779,0.915155164869779,0.7240691402333272,0.3512239883690422,1.3510223603665048,0.446353727032524,5.8,-0.0030185950454324484,0.06352847814559937,0.0007190053001977503,1.1616520881652832,0.5935541987419128,0.6673982739448547
87,42,1.0,uniform,0.7605585933204715,0.38156377144441933,0.5748128468042122,0.1248788895992157,0.5547652796307044,0.9208899946273482,0.9208899946273482,0.9208899946273482,0.722852798268264,0.3527575197698768,1.3390680197545015,0.44732297833309426,5.8,,,,1.1573468446731567,0.5939325094223022,0.6693033576011658
88,42,1.0,uniform,0.7530055546114603,0.34353928051794913,0.5905339281361532,0.132506717934067,0.5537944383724002,0.9266248243849174,0.9266248243849174,0.9266248243849174,0.7269153890391105,0.35379631446438586,1.3501302550453287,0.44595423392853883,5.8,,,,1.1595820188522339,0.593395471572876,0.6685739159584045
89,42,1.0,uniform,0.760854317235956,0.3885455101733635,0.5589267790064835,0.11705287796225188,0.5538494946652797,0.9323596541424868,0.9323596541424868,0.9323596541424868,0.7257149271569397,0.35109967631023525,1.3541932860836712,0.4469604617123,5.8,,,,1.1611801385879517,0.5926825404167175,0.6702625751495361
90,42,1.0,uniform,0.7247139391758382,0.3375729585721461,0.5148402664903972,0.11082033131947426,0.5438993453809521,0.938094483900056,0.938094483900056,0.938094483900056,0.7254230714521033,0.35279512340324937,1.3478352024045053,0.44667760344571944,5.8,,,,1.1623424291610718,0.5940398573875427,0.6700689792633057
91,42,1.0,uniform,0.718875682664081,0.3387756388765724,0.51815010787986,0.11236371075124368,0.5526898528308353,0.9438293136576252,0.9438293136576252,0.9438293136576252,0.7390342205112157,0.36019499508834824,1.3566204215761877,0.4466106607924382,5.8,0.1840009242296219,-0.2835039496421814,-0.03503706306219101,1.166003942489624,0.5984269380569458,0.6678451895713806
92,42,1.0,uniform,0.7365624718854024,0.3490700597820002,0.5215903417987355,0.10610661558491194,0.5556710817080597,0.9495641434151944,0.9495641434151944,0.9495641434151944,0.7367928279279101,0.3575078102568872,1.3576857221178613,0.44765055166581835,5.8,,,,1.1645281314849854,0.5979065895080566,0.6695519685745239
93,42,1.0,uniform,0.7471552192355494,0.3525427977581323,0.5451780842623135,0.12205271436737448,0.5521609586939006,0.9549996613014694,0.9549996613014694,0.9549996613014694,0.7391302949997015,0.3609111360457266,1.351961440394539,0.44738110379360646,5.8,,,,1.1644076108932495,0.6005251407623291,0.6715109348297119
94,42,1.0,uniform,0.7620780311284825,0.3708439169660955,0.5540942722021223,0.1289461656427883,0.5491170822968657,0.9604292208019946,0.9604292208019946,0.9604292208019946,0.7286756734920902,0.355878477208479,1.3406716598173416,0.4480381376358099,5.7,,,,1.1595121622085571,0.5981855988502502,0.668361485004425
95,42,1.0,uniform,0.7669720536734741,0.37530041105780065,0.5137534846738218,0.11428385836486145,0.5471383952060368,0.9658587803025195,0.9658587803025195,0.9658587803025195,0.7265867636453637,0.3506176553699127,1.36078302360518,0.44614503008829975,5.8,,,,1.1640956401824951,0.5943422913551331,0.6686683893203735
96,42,1.0,uniform,0.757998707145023,0.38314599841385405,0.5620269279200741,0.12100200680791563,0.5554545646753611,0.9712883398030444,0.9712883398030444,0.9712883398030444,0.7280808374871333,0.3535169705293064,1.3522800662632073,0.44664657974867844,5.8,-0.03384876251220703,-0.023263204842805862,0.021319612860679626,1.1664222478866577,0.5942034721374512,0.6718288064002991
97,42,1.0,uniform,0.7706765163556151,0.39328379377359696,0.5617150502782949,0.12499085759620188,0.5561761054177069,0.9767178993035693,0.9767178993035693,0.9767178993035693,0.724338097993984,0.3500157130076896,1.3546148301732592,0.4469836319117567,5.8,,,,1.1650242805480957,0.5932022929191589,0.6672734618186951
98,42,1.0,uniform,0.7622004858202465,0.3755841509561072,0.5500164454251382,0.1211906666844802,0.5574923372020771,0.9821474588040945,0.9821474588040945,0.9821474588040945,0.724651544765614,0.35063814199387244,1.3521424599610041,0.4472883329381068,5.8,,,,1.160077691078186,0.5913732051849365,0.6682968139648438
99,42,1.0,uniform,0.7704749242780172,0.3703458291817619,0.5846801018871258,0.14174703153414525,0.5510143709254798,0.9875770183046196,0.9875770183046196,0.9875770183046196,0.7285581846684868,0.35275264103860315,1.3563204759073049,0.4467209327689425,5.8,,,,1.1636364459991455,0.5937002897262573,0.6673426032066345
100,42,1.0,uniform,0.7611550393021249,0.3945484076653281,0.5966176710084717,0.13806726818289966,0.5570756195691563,0.9930065778051446,0.9930065778051446,0.9930065778051446,0.7211795785021053,0.3492206721586952,1.350402162585196,0.446527520772151,5.8,,,,1.1625925302505493,0.592515766620636,0.6659553050994873
1,123,1.0,uniform,0.5158907870754488,0.16608587077507864,0.5291057414225666,0.11941360459580655,0.5428098347905977,0.12243404449614997,0.12243404449614997,0.12243404449614997,1.0371111779754338,0.40538636311953763,1.3505761394334153,0.46830467378728774,5.8,-0.12522263824939728,-0.22514234483242035,-0.05143365636467934,1.0810012817382812,0.8937338590621948,0.889665424823761
2,123,1.0,uniform,0.542583410804669,0.16586042951123203,0.4764857031244179,0.09754070317085435,0.5494561832158449,0.14200083778102024,0.14200083778102024,0.14200083778102024,0.9158682182886715,0.398397865709259,1.3561900653693353,0.44870734032585113,5.8,,,,1.1292771100997925,0.8104117512702942,0.808001697063446
3,123,1.0,uniform,0.4871851581581482,0.14130140364954197,0.5740523124183716,0.1257793009935804,0.5473139172378898,0.16156763106589053,0.16156763106589053,0.16156763106589053,0.8463622581490262,0.39837029472188656,1.3459089879906334,0.4488185684493535,5.8,,,,1.1494488716125488,0.7460073828697205,0.7492233514785767
4,123,1.0,uniform,0.5647760328678388,0.17827552007013653,0.45099635858903575,0.09266594581320924,0.5494801044827651,0.18113442435076077,0.18113442435076077,0.18113442435076077,0.811352176176929,0.3974049863726812,1.349907906034628,0.4481716728626901,5.8,,,,1.1573415994644165,0.6999602913856506,0.7101076245307922
5,123,1.0,uniform,0.5635314933474614,0.17413361269591215,0.543769844944655,0.11473378154559527,0.5515913518940635,0.20070121763563106,0.20070121763563106,0.20070121763563106,0.798768929518987,0.3978716553428808,1.3553981710729641,0.44883861057622987,5.8,,,,1.1611220836639404,0.6691974401473999,0.6880003809928894
6,123,1.0,uniform,0.5414138435445552,0.1696024947365748,0.5053764299270547,0.11118411128350955,0.5499513071198401,0.22026801092050133,0.22026801092050133,0.22026801092050133,0.7921844618028949,0.39760631960552334,1.3558888313031092,0.44817376318977387,5.8,-3.8723796023987234e-05,-0.7221124172210693,-0.0022870490793138742,1.1623587608337402,0.6511083841323853,0.6764997839927673
7,123,1.0,uniform,0.5028768522313412,0.15009520743632096,0.5496242034080883,0.11777978879974096,0.5504480733964875,0.2390323540744821,0.2390323540744821,0.2390323540744821,0.789031039809556,0.39766096574250265,1.351338182474328,0.44836074829622125,5.8,,,,1.1637059450149536,0.6407824754714966,0.6715105772018433
8,123,1.0,uniform,0.5012803596002812,0.14295017495155898,0.5048596497390553,0.13073796561041057,0.551944467424156,0.2565769395000697,0.2565769395000697,0.2565769395000697,0.7880306485959016,0.3973784551479931,1.3493539849743572,0.4488458606093211,5.8,,,,1.1601078510284424,0.634434700012207,0.6702508330345154
9,123,1.0,uniform,0.5293562215313667,0.15757740613703108,0.506682484078806,0.10614509681674819,0.5501156335453736,0.2731485616370893,0.2731485616370893,0.2731485616370893,0.7896276698102076,0.39801540788604706,1.3511343798783149,0.44906286055864725,5.8,,,,1.1609307527542114,0.6334691643714905,0.6702250838279724
10,123,1.0,uniform,0.5289871914058465,0.16608020452246697,0.4836290848786179,0.09806958767804155,0.5511792415629422,0.2888802239892294,0.2888802239892294,0.2888802239892294,0.7895697891451906,0.39744785590723614,1.3591197533899,0.4469948075223698,5.8,,,,1.1647694110870361,0.6316003203392029,0.6690050959587097
11,123,1.0,uniform,0.530900233580242,0.1633428896990784,0.541571267234433,0.1260591752625228,0.5473827774499463,0.30390783215731965,0.30390783215731965,0.30390783215731965,0.7900816025171739,0.3971295402299889,1.3577724700411333,0.44829160833983445,5.8,-0.10040250420570374,0.10357517004013062,-0.0005780363571830094,1.1644619703292847,0.6313817501068115,0.6705880761146545
12,123,1.0,uniform,0.5702086061490581,0.17367550083483457,0.4811739798248163,0.10107195861098223,0.5487285736632056,0.31831295940881144,0.31831295940881144,0.31831295940881144,0.782084005888893,0.3971566026257636,1.3387079689179966,0.4474077257266732,5.8,,,,1.1583601236343384,0.6310312747955322,0.6693995594978333
13,123,1.0,uniform,0.5575945233596903,0.18257053184374356,0.5289317073118809,0.11136308187123133,0.5482256816047973,0.3321918373360301,0.3321918373360301,0.3321918373360301,0.7852574527003359,0.3966187907618727,1.3487501693604815,0.447527960658594,5.8,,,,1.1612205505371094,0.630957841873169,0.6686317324638367
14,123,1.0,uniform,0.5899737930299123,0.20848976745215397,0.5079459610780961,0.106779888718361,0.5499510830808421,0.3455590617660939,0.3455590617660939,0.3455590617660939,0.78493013925948,0.397124081980193,1.3440797326346152,0.44822936222022275,5.8,,,,1.1590770483016968,0.6304613947868347,0.6698608994483948
15,123,1.0,uniform,0.5026677629277168,0.14541598684469256,0.5560687876475165,0.12041280144595747,0.5537999263811959,0.3585244699183368,0.3585244699183368,0.3585244699183368,0.7886049437731114,0.39635344617491725,1.356839448864283,0.4481197706216287,5.8,,,,1.1633647680282593,0.6298981308937073,0.6678382754325867
16,123,1.0,uniform,0.48783991589778447,0.13399745396047752,0.5725434845780232,0.17899799166531177,0.5531204690788533,0.3710891451881076,0.3710891451881076,0.3710891451881076,0.7832559500719262,0.39650451108878354,1.343366287420931,0.4476432987696219,5.8,-0.0038217806722968817,0.8459283113479614,0.0007664540898986161,1.1617603302001953,0.6294427514076233,0.6693282127380371
17,123,1.0,uniform,0.5129202195187781,0.16002795198465558,0.5714428651868977,0.16174193135717038,0.5497222976051033,0.3832818882917934,0.3832818882917934,0.3832818882917934,0.7917326541706985,0.3974134175668117,1.3606415580974396,0.44849213228996143,5.8,,,,1.166396141052246,0.6306945085525513,0.6696963906288147
18,123,1.0,uniform,0.5091870174702027,0.14066984411174727,0.5515364497680078,0.12449092636859865,0.5523288420423667,0.39515878445078234,0.39515878445078234,0.39515878445078234,0.7836764115173224,0.39682187048889145,1.3418811616939228,0.44815210744283085,5.8,,,,1.1585752964019775,0.6297714114189148,0.66762375831604
19,123,1.0,uniform,0.5096060291025654,0.15100526223818223,0.5507817697406306,0.12798758373415883,0.5460512383298821,0.40674739652779823,0.40674739652779823,0.40674739652779823,0.7897414365970412,0.39697346214904533,1.359134641276697,0.44767478446773046,5.8,,,,1.1629128456115723,0.6300088167190552,0.6680901050567627
20,123,1.0,uniform,0.5276047862290952,0.15383239887489505,0.5657981991993366,0.14278061872980008,0.5516133989926845,0.4180445628924866,0.4180445628924866,0.4180445628924866,0.7854583677246061,0.39656826502371045,1.3465029061100888,0.44850642868525076,5.8,,,,1.1587815284729004,0.6316410303115845,0.6700227856636047
21,123,1.0,uniform,0.5300534635518193,0.15817732410809685,0.5689425219086061,0.12005005232803274,0.5485892741113417,0.4290631211359902,0.4290631211359902,0.4290631211359902,0.7865486707229281,0.3968526342940643,1.3472189749692725,0.44891968447568636,5.8,-0.0007996813510544598,0.4013303220272064,0.001110854558646679,1.1581734418869019,0.6303685307502747,0.6707455515861511
22,123,1.0,uniform,0.5348866752634859,0.16966114977250346,0.5667992944965837,0.16473946099922082,0.5499995977220294,0.43985867703510484,0.43985867703510484,0.43985867703510484,0.7906264762951297,0.39703225640490586,1.356890207294814,0.44914937162503404,5.8,,,,1.1630276441574097,0.6297776699066162,0.673063337802887
23,123,1.0,uniform,0.5292912455724714,0.16502548633783803,0.5522959197250368,0.11249062351980657,0.551298839542881,0.450469559777101,0.450469559777101,0.450469559777101,0.7882567297943814,0.397057911584471,1.3490685182887914,0.4496035141195272,5.8,,,,1.161744236946106,0.6304861903190613,0.6703256964683533
24,123,1.0,uniform,0.515407215996748,0.1507083050263734,0.577775684401115,0.12288057946092504,0.5507526814465076,0.46083066427806246,0.46083066427806246,0.46083066427806246,0.7907691525059496,0.3966118332860772,1.3577572901176054,0.4494836438430969,5.8,,,,1.1634083986282349,0.6298812627792358,0.6717650890350342
25,123,1.0,uniform,0.5361382954973326,0.15687746552565857,0.6037802124812793,0.17680486703045345,0.5497796980608497,0.4709887633433165,0.4709887633433165,0.4709887633433165,0.7870177277831532,0.39641339653964647,1.3517755551109147,0.44834343601001925,5.8,,,,1.1639015674591064,0.6274129152297974,0.6677693128585815
26,123,1.0,uniform,0.5376848066215499,0.15399182585856516,0.5336135974394101,0.11160077614998049,0.548275534978441,0.48103865784433963,0.48103865784433963,0.48103865784433963,0.7889348729208567,0.3969953467491933,1.356491821301556,0.4478318074384631,5.8,0.004627025220543146,0.5978533029556274,0.021529147401452065,1.1645760536193848,0.6306630373001099,0.6672097444534302
27,123,1.0,uniform,0.5432864840009197,0.16580942033555648,0.5438012455945952,0.11550777545089555,0.5499837849256406,0.4907934372364775,0.4907934372364775,0.4907934372364775,0.7892413300718283,0.3970876036122376,1.3551313421611701,0.44843133216862074,5.8,,,,1.1676604747772217,0.6313633918762207,0.669719934463501
28,123,1.0,uniform,0.5291154772734088,0.15671594177085751,0.5294357143541418,0.1177531096949504,0.5500348069082948,0.5005112669623176,0.5005112669623176,0.5005112669623176,0.7886479542505272,0.3965932697578289,1.359216615362459,0.4470776892124826,5.8,,,,1.1614598035812378,0.6295776963233948,0.6673689484596252
29,123,1.0,uniform,0.5231555990950014,0.1525942225118576,0.48130916228388104,0.0999853298846929,0.5517765074381231,0.5099399508112155,0.5099399508112155,0.5099399508112155,0.7893965897601765,0.3970586138260937,1.3568659994800019,0.4480396190324725,5.8,,,,1.1629539728164673,0.6304106116294861,0.666714072227478
30,123,1.0,uniform,0.5062014554614793,0.1443899784932112,0.5281972514319229,0.10731617077253708,0.5498727536875179,0.5193686346601132,0.5193686346601132,0.5193686346601132,0.7872778588507373,0.3971399132601559,1.3543257814827965,0.4469062330681164,5.8,,,,1.1614835262298584,0.6292707920074463,0.6671918630599976
31,123,1.0,uniform,0.5217157151853814,0.15142465614120815,0.5586196912943561,0.13145122779955348,0.5495426100650839,0.5284923214015302,0.5284923214015302,0.5284923214015302,0.7851207024665899,0.3966785172838311,1.3489732906287415,0.4472746668163866,5.8,-0.003241955302655697,-0.43053463101387024,0.0006531700491905212,1.1633877754211426,0.6308024525642395,0.6686545014381409
32,123,1.0,uniform,0.5232905491634762,0.15048654496388675,0.4351161451497705,0.09171121127243657,0.5508857268664393,0.5376110024203633,0.5376110024203633,0.5376110024203633,0.7857651720921546,0.396520557101637,1.3524928345430365,0.446837329187768,5.8,,,,1.1612063646316528,0.6308072805404663,0.6666521430015564
33,123,1.0,uniform,0.5225158358074179,0.15388134825010946,0.4491080618773756,0.09195510776755045,0.5505755491086837,0.5465236117855061,0.5465236117855061,0.5465236117855061,0.7850582433059226,0.3969539544467843,1.3486649935422506,0.4469805387170034,5.8,,,,1.160802960395813,0.6287652254104614,0.6669585704803467
34,123,1.0,uniform,0.5244176321427738,0.1560038527698579,0.5316747403592021,0.11507183572888857,0.5493699085337342,0.5553326901943005,0.5553326901943005,0.5553326901943005,0.7834643551095605,0.39683833334383484,1.3451702311049383,0.4468795582977445,5.8,,,,1.1598938703536987,0.6309243440628052,0.6677699685096741
35,123,1.0,uniform,0.49385060860814833,0.13494930041039813,0.5155768512279783,0.10887137196411271,0.549595909887488,0.5641176437816462,0.5641176437816462,0.5641176437816462,0.787831842508899,0.396135353560531,1.3579053509183325,0.44734050001639986,5.8,,,,1.1634552478790283,0.6284483075141907,0.6703870296478271
36,123,1.0,uniform,0.5067845730413081,0.1372147945023251,0.4850144389768284,0.10008137865704946,0.5461922823702943,0.5726175187233636,0.5726175187233636,0.5726175187233636,0.7810872536819574,0.39677155421290333,1.336989948062397,0.4475150459718496,5.8,-1.1299698599032126e-07,0.06933337450027466,-3.0443716241279617e-05,1.1588536500930786,0.629359245300293,0.6708235144615173
37,123,1.0,uniform,0.5024053600167938,0.1441493778264674,0.5273659325301154,0.1138838757292491,0.5343335764181719,0.5811173936650812,0.5811173936650812,0.5811173936650812,0.7883433924752031,0.3967632342243819,1.351639753866404,0.4491362285405788,5.8,,,,1.1640427112579346,0.6300483345985413,0.6706646084785461
38,123,1.0,uniform,0.5087717544508532,0.15256852670160875,0.5378766348296009,0.11229181883282749,0.5331212405171187,0.5895621839271007,0.5895621839271007,0.5895621839271007,0.7891495000066715,0.3968051337519067,1.3509209556871107,0.4500979855331271,5.8,,,,1.1641813516616821,0.6287862062454224,0.6699256896972656
39,123,1.0,uniform,0.5313933844477543,0.15374780174766448,0.5528478260638168,0.11944315746878201,0.5377336035776427,0.5977532534723363,0.5977532534723363,0.5977532534723363,0.7861459801811318,0.397018734349434,1.3437697343430666,0.4495057165622711,5.8,,,,1.1602331399917603,0.6293330788612366,0.6710888147354126
40,123,1.0,uniform,0.5230477223427332,0.15697749666761535,0.4479339968982544,0.09277961435202861,0.5330506127848657,0.6059443230175718,0.6059443230175718,0.6059443230175718,0.7879708190672262,0.3969128435095325,1.3495289285110075,0.4493613064809658,5.8,,,,1.1648892164230347,0.631095826625824,0.6708683967590332
41,123,1.0,uniform,0.5192241370692844,0.15616786394561538,0.4496817890067921,0.09409479241815315,0.5304601943556906,0.6141353925628074,0.6141353925628074,0.6141353925628074,0.7856940111739146,0.3968299254449694,1.3452395952945193,0.44884060316731317,5.8,-0.00139351945836097,0.6704553961753845,-0.0009650889551267028,1.1603189706802368,0.6306176781654358,0.6677568554878235
42,123,1.0,uniform,0.5206873456820977,0.1579115391150943,0.4590045887526065,0.11320344263739648,0.531703168548269,0.6220442122938817,0.6220442122938817,0.6220442122938817,0.7938226384627246,0.3969366674730351,1.362805567974607,0.45018961791388334,5.8,,,,1.1659384965896606,0.6302582621574402,0.6700105667114258
43,123,1.0,uniform,0.5369825664504133,0.16512135642344522,0.555347104913297,0.1200634746903154,0.5444811958850434,0.6299268734455296,0.6299268734455296,0.6299268734455296,0.7890122666889924,0.39750597394970305,1.3519037691266256,0.4488391342642005,5.8,,,,1.165223479270935,0.6325287222862244,0.6706022620201111
44,123,1.0,uniform,0.529506166051894,0.16133730924216275,0.5489786273338931,0.11758941753797664,0.5453727916945423,0.6378095345971776,0.6378095345971776,0.6378095345971776,0.7849150306532997,0.3968572176700076,1.340831909377502,0.44956700861714294,5.8,,,,1.1613014936447144,0.631409764289856,0.6679643392562866
45,123,1.0,uniform,0.533735434555881,0.1661269048305235,0.5375961578377618,0.11176161608839909,0.5456517562422075,0.6456225985558007,0.6456225985558007,0.6456225985558007,0.7883758153197026,0.39637301920803353,1.352649401369053,0.44927122889647836,5.8,,,,1.162333369255066,0.630937933921814,0.6694860458374023
46,123,1.0,uniform,0.5333176724611893,0.1702322398858594,0.5506322174926102,0.11732754274967933,0.5456550762718514,0.6531972472536928,0.6531972472536928,0.6531972472536928,0.7914295321468703,0.3966036013380409,1.3580007334463462,0.44999187521018313,5.8,0.0010745699983090162,0.8528652787208557,0.0007030545966699719,1.165856122970581,0.630210816860199,0.6699896454811096
47,123,1.0,uniform,0.536993812289453,0.1659800371958409,0.5521362554033068,0.11618386808943784,0.5461046234161371,0.6607718959515848,0.6607718959515848,0.6607718959515848,0.7851314771123328,0.39643029439136973,1.3440456304487702,0.4491682247824023,5.8,,,,1.1588046550750732,0.6295183897018433,0.6712464690208435
48,123,1.0,uniform,0.5416616685159824,0.1724883685847885,0.5573940015178755,0.12060251437586952,0.5435672975935657,0.6683465446494766,0.6683465446494766,0.6683465446494766,0.7874021891943752,0.39655429899171973,1.3497846113542282,0.4491676299072249,5.8,,,,1.1624016761779785,0.6312487721443176,0.6709194779396057
49,123,1.0,uniform,0.5376131664617425,0.18204461054945353,0.5554796263003329,0.11755546082661529,0.5441556976962331,0.6759106339759428,0.6759106339759428,0.6759106339759428,0.7876774192376949,0.39646916553443173,1.347126702294079,0.45038482169397015,5.8,,,,1.157454490661621,0.6310102343559265,0.6717163324356079
50,123,1.0,uniform,0.5335105177750898,0.16073140681088283,0.565797666984931,0.12052062077142969,0.5456453471923054,0.6831776651014589,0.6831776651014589,0.6831776651014589,0.7945625033701351,0.39636272237550746,1.3678339147151297,0.44979159475413993,5.8,,,,1.1659650802612305,0.6291004419326782,0.6699373722076416
51,123,1.0,uniform,0.539020145879358,0.16433002812234324,0.5532033452868689,0.11588193531692473,0.5443081186020408,0.690444696226975,0.690444696226975,0.690444696226975,0.7885475952552395,0.3964925641966699,1.3505088512553918,0.4500060275392241,5.8,-0.0006668533897027373,0.8583210110664368,-0.0003066615026909858,1.1607013940811157,0.6299691200256348,0.6705631613731384
52,123,1.0,uniform,0.5324613226439551,0.16896806094007188,0.544638951069272,0.11260219393469545,0.5449708943069137,0.6977117273524912,0.6977117273524912,0.6977117273524912,0.7832891916343739,0.3965520300459133,1.3396060573482096,0.4488752609257094,5.8,,,,1.1601567268371582,0.6306074857711792,0.6698557734489441
53,123,1.0,uniform,0.5209864016980384,0.1566944315539177,0.5395493847069255,0.11248988227421425,0.544695360378919,0.7049787584780074,0.7049787584780074,0.7049787584780074,0.7846137878676169,0.3968157775407275,1.3427931301979,0.44869949190377145,5.8,,,,1.160081148147583,0.6303094625473022,0.6704537272453308
54,123,1.0,uniform,0.5161057075548714,0.15100145581990293,0.5487503073538194,0.11416359450245359,0.5412008567408979,0.7121701654860202,0.7121701654860202,0.7121701654860202,0.7883311498373357,0.39680848618782244,1.3528575314184463,0.4487067432382742,5.8,,,,1.1624882221221924,0.6305554509162903,0.6688690781593323
55,123,1.0,uniform,0.516422257098207,0.15504430395575147,0.53624113996068,0.11320641850233236,0.5430841264683935,0.719129972866668,0.719129972866668,0.719129972866668,0.7900795829868733,0.39677226998920523,1.3558945163889222,0.4493005621901766,5.8,,,,1.1644415855407715,0.6293739080429077,0.6707269549369812
56,123,1.0,uniform,0.5161856779658193,0.1489055856601353,0.5540256165437784,0.11513591144467411,0.5475339086203732,0.7260897802473159,0.7260897802473159,0.7260897802473159,0.7842337525567633,0.39665237986625024,1.3405109768871657,0.44929186199429777,5.8,0.0001727646158542484,-0.60894376039505,-3.97173389501404e-05,1.1605099439620972,0.6295797824859619,0.6709688901901245
57,123,1.0,uniform,0.5213558483361156,0.15144592968409815,0.541530286725189,0.11169311755942,0.5478940530164208,0.7330495876279638,0.7330495876279638,0.7330495876279638,0.7907377262823446,0.3968228775861482,1.3573830036617263,0.44934043145075636,5.8,,,,1.1641885042190552,0.6301358938217163,0.6700831651687622
58,123,1.0,uniform,0.5357063719757023,0.15910018708706028,0.530021682414891,0.11086068563827237,0.5457253221356566,0.7400093950086117,0.7400093950086117,0.7400093950086117,0.7881417582909613,0.3968936237445565,1.349347735596536,0.44961066511520653,5.8,,,,1.1645163297653198,0.6291718482971191,0.6678441166877747
59,123,1.0,uniform,0.505628334183019,0.16481017105741552,0.5235265378069147,0.10759374428817312,0.5357341952833893,0.7469692023892596,0.7469692023892596,0.7469692023892596,0.7912995353276032,0.3968835737247134,1.3611220545643803,0.4485260276815256,5.8,,,,1.1655442714691162,0.6294353604316711,0.6695907711982727
60,123,1.0,uniform,0.5098946723045806,0.1622507669434472,0.5408341502824462,0.10990735709845123,0.5379607291024427,0.753700617375209,0.753700617375209,0.753700617375209,0.7901405604905957,0.39674220627832624,1.355799550052293,0.44942978271750905,5.8,,,,1.162865161895752,0.6298767328262329,0.6688963770866394
61,123,1.0,uniform,0.5300597112401745,0.1695278800505033,0.5698664461170169,0.12023925792196943,0.5491433226060646,0.7603535937891774,0.7603535937891774,0.7603535937891774,0.7909334213452568,0.3968119185304017,1.3618402894927946,0.4480504268642076,5.8,0.0010655291844159365,-0.786812961101532,-0.0006558367167599499,1.165971279144287,0.6304154992103577,0.6654503345489502
62,123,1.0,uniform,0.532480065709021,0.15426021207195978,0.5705274564089791,0.11597201042181488,0.5484433931266468,0.7670065702031459,0.7670065702031459,0.7670065702031459,0.7859376978665981,0.3966519856687196,1.3455766840272596,0.4491439931517605,5.8,,,,1.1609182357788086,0.6299957633018494,0.6687403917312622
63,123,1.0,uniform,0.5747740002865607,0.16852137007355728,0.562777882446611,0.11514025107502361,0.5224287345128488,0.7736595466171143,0.7736595466171143,0.7736595466171143,0.786685277150708,0.39657879585001665,1.3476328940891282,0.4491925369704134,5.8,,,,1.1602239608764648,0.6291815042495728,0.6694239974021912
64,123,1.0,uniform,0.561598042057772,0.16656691262502554,0.4249183849208757,0.0917475470576886,0.5220438316942219,0.7803125230310828,0.7803125230310828,0.7803125230310828,0.7871139481598634,0.397098160011279,1.3500544978021014,0.4482094123634188,5.8,,,,1.1624679565429688,0.6305096745491028,0.6664539575576782
65,123,1.0,uniform,0.5730171503210479,0.17324526307638666,0.5846167683728396,0.12322340780310065,0.52432459614831,0.7869654994450512,0.7869654994450512,0.7869654994450512,0.7833067526203056,0.3970538125288018,1.3385614213985126,0.4486709902119949,5.8,,,,1.157294750213623,0.6308571696281433,0.6692155003547668
66,123,1.0,uniform,0.5620816131364728,0.1602134915493938,0.5803473444097795,0.1175072268215004,0.5227923069418763,0.7935014411179728,0.7935014411179728,0.7935014411179728,0.7848341803363317,0.39694428619599237,1.3421014763382324,0.4489759657060215,5.8,6.606503120565321e-06,-0.2169235348701477,0.00012391786731313914,1.1603890657424927,0.6296364665031433,0.6698229312896729
67,123,1.0,uniform,0.5336433852807795,0.15632560942943155,0.5742630693230553,0.11993041344388868,0.5456700168757149,0.7998479782986556,0.7998479782986556,0.7998479782986556,0.7880984612427424,0.3965929971121284,1.351600842184375,0.4491454564588039,5.8,,,,1.1620919704437256,0.6292038559913635,0.6700785160064697
68,123,1.0,uniform,0.5242818490491852,0.15191761636994605,0.5165949773862099,0.1103810775354354,0.547196740230614,0.8061945154793384,0.8061945154793384,0.8061945154793384,0.7871606932977402,0.39659089878136417,1.34973145780605,0.4489082682340947,5.8,,,,1.1644821166992188,0.6287785768508911,0.6692546010017395
69,123,1.0,uniform,0.5763159297726508,0.16612433383402894,0.5255090364683953,0.11648560524884924,0.524440871735774,0.8125410526600212,0.8125410526600212,0.8125410526600212,0.7906632571761785,0.39672287426661196,1.354709744193148,0.45028506720430467,5.8,,,,1.1655935049057007,0.629560112953186,0.6703564524650574
70,123,1.0,uniform,0.5208593653681471,0.14854733944375936,0.5517296435973011,0.12630392994805278,0.54648022638215,0.818887589840704,0.818887589840704,0.818887589840704,0.7889202690020399,0.39675186808713137,1.352378046408491,0.4494613861933546,5.8,,,,1.1620022058486938,0.6300218105316162,0.6731650233268738
71,123,1.0,uniform,0.5161036249920863,0.1492229519080891,0.5390033327266089,0.11211530678483703,0.5463018081959479,0.8252341270213869,0.8252341270213869,0.8252341270213869,0.7866748519339416,0.39686907209683714,1.347682549183025,0.4488523620705417,5.8,9.288846740673762e-06,0.8650357127189636,5.2915956985089e-06,1.1629570722579956,0.6291400790214539,0.669570803642273
72,123,1.0,uniform,0.5402413606965424,0.1584337546577146,0.526666602800938,0.11019443929426727,0.5466118707422367,0.8315806642020697,0.8315806642020697,0.8315806642020697,0.788320149656987,0.39683369726072754,1.3518984466140447,0.44899068466961123,5.8,,,,1.1642547845840454,0.6304787397384644,0.668177604675293
73,123,1.0,uniform,0.5364056965589399,0.15834396009286533,0.528331901676582,0.11226895713134517,0.5419962226442478,0.8379272013827525,0.8379272013827525,0.8379272013827525,0.7833672312930161,0.3963829824237324,1.3400033759237897,0.44900376216292903,5.8,,,,1.158636212348938,0.6299893260002136,0.6709524393081665
74,123,1.0,uniform,0.5334392941278394,0.15608686966718965,0.5313931989385516,0.11302653722785201,0.5427976105677152,0.8439761908729294,0.8439761908729294,0.8439761908729294,0.7909496722002738,0.39616838214699357,1.3614119189795448,0.44892158245415664,5.8,,,,1.1636581420898438,0.6291038990020752,0.6696509122848511
75,123,1.0,uniform,0.5376127499491854,0.15540601382385805,0.5103377326176114,0.11089105079887034,0.5439888251529387,0.8500166795134223,0.8500166795134223,0.8500166795134223,0.7923555208866253,0.39656854059758667,1.3630843498300778,0.44919243415890825,5.8,,,,1.1685028076171875,0.6300657987594604,0.6715609431266785
76,123,1.0,uniform,0.5337121098526878,0.162691569557606,0.5213002849475928,0.14035152497806114,0.5428929647407711,0.8560571681539151,0.8560571681539151,0.8560571681539151,0.7886441191211018,0.39669623333293796,1.3525750764592765,0.4491869632854212,5.8,4.331696254666895e-05,0.9401922225952148,4.792151594301686e-05,1.1657698154449463,0.630828320980072,0.6712337732315063
77,123,1.0,uniform,0.5360741525635515,0.15656026391143069,0.5135182459064729,0.10461742074449325,0.5459275369098407,0.8620976567944079,0.8620976567944079,0.8620976567944079,0.7900753880171797,0.396291923835288,1.3569262964756728,0.4494694431015498,5.8,,,,1.1666806936264038,0.6313668489456177,0.6701356768608093
78,123,1.0,uniform,0.5279055082952641,0.16255773660255501,0.49147977957808175,0.10275851021843717,0.539144407586663,0.8681381454349006,0.8681381454349006,0.8681381454349006,0.7867041837960872,0.39697734582111827,1.347062267070254,0.44894888463499244,5.8,,,,1.1625845432281494,0.63062983751297,0.669833779335022
79,123,1.0,uniform,0.5388039758622643,0.1572357443529102,0.49837142391835404,0.10455489068800865,0.5397459036742189,0.8741786340753934,0.8741786340753934,0.8741786340753934,0.7897125844351589,0.3966187731277474,1.3552160122509087,0.44935354278077205,5.8,,,,1.1625759601593018,0.6291769742965698,0.6689851880073547
80,123,1.0,uniform,0.5326525019076275,0.15941538753471185,0.557467979320277,0.1181600100477746,0.547332312898698,0.8802191227158862,0.8802191227158862,0.8802191227158862,0.7919695959080775,0.39613595344614255,1.3625545811444912,0.44951690935151545,5.8,,,,1.1668024063110352,0.628472626209259,0.6700077056884766
81,123,1.0,uniform,0.5311817960687879,0.15835619965205225,0.45467289570407177,0.09448181853505168,0.5441811051248933,0.886259611356379,0.886259611356379,0.886259611356379,0.7918665416896603,0.3969237168022639,1.359472250313738,0.4495522714337928,5.8,-2.0699322703876533e-05,0.9514340758323669,-2.368415880482644e-05,1.1679015159606934,0.6291107535362244,0.6731369495391846
82,123,1.0,uniform,0.5328390995331727,0.1590613826562462,0.5562486761166657,0.11996794417522846,0.5469667405748965,0.892215845839502,0.892215845839502,0.892215845839502,0.7888090178435546,0.3969170319721688,1.3518751287043875,0.44933298685665213,5.8,,,,1.1624449491500854,0.6298562288284302,0.6690734624862671
83,123,1.0,uniform,0.5312109519477793,0.15838016661571575,0.4638967035704137,0.09669404891998333,0.5388841385334977,0.8979506755970713,0.8979506755970713,0.8979506755970713,0.7865810554360718,0.39664807713968786,1.3469516408495508,0.4492289995262196,5.8,,,,1.1630542278289795,0.62906414270401,0.6702156066894531
84,123,1.0,uniform,0.5357467736937334,0.16240257390381374,0.4672698784741626,0.09669783012961265,0.5444960910206917,0.9036855053546405,0.9036855053546405,0.9036855053546405,0.7872352672976698,0.3964579965610171,1.3499096457614648,0.4491135523569115,5.8,,,,1.15949547290802,0.6291303038597107,0.6713688373565674
85,123,1.0,uniform,0.5434780797771491,0.16724725737059443,0.47674169825359164,0.10008821863145399,0.541490765396421,0.9094203351122098,0.9094203351122098,0.9094203351122098,0.7869549372831286,0.3961557608634624,1.3503080340972633,0.44906416405236355,5.8,,,,1.164014458656311,0.6300357580184937,0.6711254119873047
86,123,1.0,uniform,0.5016502227509154,0.14465619584856937,0.4962904655918065,0.1045804827623035,0.5388079538150482,0.915155164869779,0.915155164869779,0.915155164869779,0.7862486837993022,0.39654431703569587,1.347206079022853,0.4490109451733302,5.8,-8.906125003704801e-05,0.6323689818382263,-6.440203287638724e-05,1.1611714363098145,0.62795490026474,0.6691506505012512
87,123,1.0,uniform,0.5151135746440484,0.1471036485043099,0.5264638291123408,0.1072096461170297,0.5466252679046271,0.9208899946273482,0.9208899946273482,0.9208899946273482,0.7892829299493648,0.3967118636099012,1.356713202842979,0.4483860692082534,5.8,,,,1.162498116493225,0.6298236846923828,0.6698287129402161
88,123,1.0,uniform,0.4980444735447884,0.14202824404459002,0.5054445533709928,0.11030120110808071,0.5395208552838521,0.9266248243849174,0.9266248243849174,0.9266248243849174,0.7824283216197417,0.3966216543876448,1.337060263844036,0.44888541141451704,5.8,,,,1.1563098430633545,0.6299079060554504,0.6698994040489197
89,123,1.0,uniform,0.5115544748443076,0.1458870051874902,0.5053024521246532,0.10471821565922484,0.545862724437059,0.9323596541424868,0.9323596541424868,0.9323596541424868,0.7913181094623549,0.3966894857097401,1.360042980664682,0.4490992817295691,5.8,,,,1.1631858348846436,0.6297405958175659,0.6715810298919678
90,123,1.0,uniform,0.49532173095954496,0.14175341361154378,0.5087543947604556,0.10364627164701534,0.5372073638608258,0.938094483900056,0.938094483900056,0.938094483900056,0.7903839418721511,0.3965101260935896,1.356687876855442,0.449586123097932,5.8,,,,1.167681336402893,0.6293465495109558,0.6684138774871826
91,123,1.0,uniform,0.5096472638457105,0.14498070871230176,0.5513948807360738,0.11491601440899614,0.5452779940227478,0.9438293136576252,0.9438293136576252,0.9438293136576252,0.7875440462968235,0.3969239513816792,1.3510385272804826,0.44845534607312565,5.8,0.00033177630393765867,-0.9364522695541382,-0.0003598599578253925,1.1643208265304565,0.6288438439369202,0.6702229380607605
92,123,1.0,uniform,0.4951784506399299,0.14202312328662758,0.49606746775579025,0.1039630642178817,0.543368396678915,0.9495641434151944,0.9495641434151944,0.9495641434151944,0.7870858243979741,0.3967840887573609,1.3503484041409721,0.4484605605685555,5.8,,,,1.1606718301773071,0.6283113360404968,0.6685415506362915
93,123,1.0,uniform,0.4977953990356901,0.14307437158286854,0.522294461457565,0.10654110793378105,0.5434616761290991,0.9549996613014694,0.9549996613014694,0.9549996613014694,0.7918073326739682,0.3966781545153872,1.3613387093793878,0.44913164262688315,5.8,,,,1.1643587350845337,0.6274308562278748,0.669643759727478
94,123,1.0,uniform,0.5082811026586829,0.14669621074474742,0.5031129220593291,0.10394986144659095,0.535739941818746,0.9604292208019946,0.9604292208019946,0.9604292208019946,0.7892576603129441,0.3968524136397516,1.3592880956470705,0.44732953848797163,5.8,,,,1.1682205200195312,0.6298103332519531,0.6680525541305542
95,123,1.0,uniform,0.5286077484664008,0.15330598689377173,0.4938209907490492,0.10338280350656148,0.5451046860016614,0.9658587803025195,0.9658587803025195,0.9658587803025195,0.7868628184347695,0.39671477493240326,1.3519399699685875,0.44779720160638403,5.8,,,,1.1626319885253906,0.629923403263092,0.6690232157707214
96,123,1.0,uniform,0.5138748662994692,0.15645579289569622,0.4933031461322381,0.10410406070768335,0.5451470398083929,0.9712883398030444,0.9712883398030444,0.9712883398030444,0.8043733046564994,0.41098280921253055,1.350180876307092,0.44814600525464554,5.8,9.17296165425796e-06,0.517707109451294,6.681518129880715e-07,1.1620014905929565,0.6384121179580688,0.6706488132476807
97,123,1.0,uniform,0.49672537827670427,0.14580028343881235,0.5216137592325893,0.10939171490273232,0.5413726344356881,0.9767178993035693,0.9767178993035693,0.9767178993035693,0.8242963037116038,0.42985527594797474,1.3428775087714715,0.44809152543805053,5.8,,,,1.1590312719345093,0.6491886377334595,0.6702722907066345
98,123,1.0,uniform,0.5101816494563678,0.15704564703650548,0.5373987062932224,0.11364639044785906,0.5469055428988088,0.9821474588040945,0.9821474588040945,0.9821474588040945,0.8075322009069951,0.4171243029520501,1.3403317150070158,0.44763773953029684,5.8,,,,1.1574208736419678,0.6491168737411499,0.6670467257499695
99,123,1.0,uniform,0.5043009086637944,0.14394486408231802,0.5232402064566123,0.10743754390349093,0.5464681081164305,0.9875770183046196,0.9875770183046196,0.9875770183046196,0.8372859033434672,0.43732900286345505,1.3566045625761607,0.4475036948008308,5.8,,,,1.1659345626831055,0.654916524887085,0.6691038012504578
100,123,1.0,uniform,0.5084889424246363,0.1506647599084727,0.5424611297208748,0.11393318047566312,0.5444740387156076,0.9930065778051446,0.9930065778051446,0.9930065778051446,0.8096768771456839,0.41756619597626565,1.3471579681837924,0.4467045276966678,5.8,,,,1.1632832288742065,0.6506949067115784,0.6710610389709473
1,7,1.0,uniform,0.5013324236699088,0.14405974728205978,0.4790382034144748,0.09764814925881454,0.5461809120767164,0.12243404449614997,0.12243404449614997,0.12243404449614997,1.0360835103488906,0.4029001807021262,1.3538483222499165,0.46426313959354915,5.8,-0.04710286110639572,-0.00892593339085579,-0.005407259333878756,1.083767056465149,0.8958315849304199,0.8913650512695312
2,7,1.0,uniform,0.4944553848409421,0.14013624248631223,0.47556018227278973,0.09947066439116284,0.5422553785153764,0.14200083778102024,0.14200083778102024,0.14200083778102024,0.9215706209428446,0.398895265493851,1.3638198529268457,0.4493389033334224,5.8,,,,1.1319698095321655,0.8129249811172485,0.8099203109741211
3,7,1.0,uniform,0.48183921948878916,0.13204181328828035,0.5009696946473068,0.1082929120538124,0.5446052792953903,0.16156763106589053,0.16156763106589053,0.16156763106589053,0.8545344482342749,0.3985927182383933,1.3621163545217057,0.4490771989895267,5.8,,,,1.1547284126281738,0.7485470175743103,0.7505549788475037
4,7,1.0,uniform,0.5051597575563708,0.1439695912961178,0.5073796849503603,0.11390195545601067,0.5472955697050107,0.18113442435076077,0.18113442435076077,0.18113442435076077,0.8181239777777393,0.39844274468817564,1.3588582485523808,0.4499121714367096,5.8,,,,1.160123348236084,0.7011907696723938,0.7115415334701538
5,7,1.0,uniform,0.49115160723865503,0.1374081578377029,0.4713918790468253,0.1104153161887235,0.544932519805191,0.20070121763563106,0.20070121763563106,0.20070121763563106,0.7990662866804797,0.3986641760736574,1.3536188305725698,0.4487506390659049,5.8,,,,1.1620962619781494,0.6697630286216736,0.6883683800697327
6,7,1.0,uniform,0.4849693113547987,0.13552496411553294,0.5197887960352156,0.10797798232503633,0.5450007796858585,0.22026801092050133,0.22026801092050133,0.22026801092050133,0.7902324862094946,0.3984098199543474,1.3496971192838845,0.44756410462887525,5.8,0.01025191880762577,0.22931398451328278,0.006098580081015825,1.1632773876190186,0.6511780023574829,0.6762140989303589
7,7,1.0,uniform,0.5090999663457854,0.14537347970926662,0.4831309321948203,0.10228943259422013,0.5477749171783891,0.2390323540744821,0.2390323540744821,0.2390323540744821,0.7909262028063229,0.39764221832481533,1.3570897079451116,0.44820913672447205,5.8,,,,1.1655049324035645,0.6400410532951355,0.6716321706771851
8,7,1.0,uniform,0.49438124560579255,0.14268002215414538,0.5723439041758607,0.14401648897524916,0.5482547862182313,0.2565769395000697,0.2565769395000697,0.2565769395000697,0.7874277874371891,0.3975679826918648,1.3506891271953498,0.4476874331459728,5.8,,,,1.1640033721923828,0.6342238187789917,0.6696775555610657
9,7,1.0,uniform,0.5298018899673786,0.15126024845659236,0.5402982103758391,0.118241422854854,0.5510354993278344,0.2731485616370893,0.2731485616370893,0.2731485616370893,0.7848717978948069,0.39724001971655015,1.3448965346448807,0.4477455432498299,5.8,,,,1.1614248752593994,0.6317572593688965,0.6694443225860596
10,7,1.0,uniform,0.4896709050984469,0.13994065309540912,0.5624617470895856,0.12504207705431375,0.5559435631565164,0.2888802239892294,0.2888802239892294,0.2888802239892294,0.7887941951574717,0.39763571439091294,1.3518615375439673,0.44850527068933543,5.8,,,,1.161002278327942,0.6321302652359009,0.6694157123565674
11,7,1.0,uniform,0.5660226549510015,0.15923988662148733,0.5704598651794468,0.1209191928191766,0.550044562674893,0.30390783215731965,0.30390783215731965,0.30390783215731965,0.7871926628606288,0.3976547235875151,1.3506099407329308,0.4474816583910363,5.8,0.0710989236831665,-0.6570143699645996,-0.01569117046892643,1.1646158695220947,0.6309415698051453,0.6687729358673096
12,7,1.0,uniform,0.48006445948332443,0.14339102174346285,0.4615959406942843,0.14784402623755333,0.5405274327091583,0.31831295940881144,0.31831295940881144,0.31831295940881144,0.7900360538969915,0.3975761367504253,1.3542943911781478,0.448885522034491,5.8,,,,1.1657241582870483,0.6311156749725342,0.6695502400398254
13,7,1.0,uniform,0.5111642025783792,0.1463266951857481,0.4993640037851088,0.10335124503088192,0.5398168129945121,0.3321918373360301,0.3321918373360301,0.3321918373360301,0.7871618840892242,0.3975867608879331,1.3483814021905958,0.44826878887076566,5.8,,,,1.164820909500122,0.6299108862876892,0.6694789528846741
14,7,1.0,uniform,0.48811731326076013,0.1514657429940201,0.4497121252279208,0.09484046511859758,0.5411467065155042,0.3455590617660939,0.3455590617660939,0.3455590617660939,0.7887041264225823,0.39777613772835796,1.3536974688804826,0.44766340674791794,5.8,,,,1.1621992588043213,0.6305431127548218,0.6695019602775574
15,7,1.0,uniform,0.5016327292235206,0.15711352990627447,0.4555499850447752,0.10386910336402469,0.5473053725854442,0.3585244699183368,0.3585244699183368,0.3585244699183368,0.7837304148871825,0.39692640649439465,1.3434231387996256,0.44755778510497646,5.8,,,,1.1618627309799194,0.6300376653671265,0.6691904067993164
16,7,1.0,uniform,0.5040851551592577,0.15823906160243473,0.49124187973870403,0.10307943505533826,0.5465348545950568,0.3710891451881076,0.3710891451881076,0.3710891451881076,0.791667538438822,0.39754213373213354,1.3589587339147209,0.448836853150197,5.8,0.015480454079806805,0.7726267576217651,-0.0076270815916359425,1.164466381072998,0.6304786801338196,0.6687057018280029
17,7,1.0,uniform,0.5254659942487946,0.15077370919087923,0.44642410462909443,0.0968502321625745,0.5432883247637129,0.3832818882917934,0.3832818882917934,0.3832818882917934,0.7909194858313648,0.39777601786836264,1.3573326887522201,0.4484614122122136,5.8,,,,1.1634835004806519,0.630476176738739,0.6713097095489502
18,7,1.0,uniform,0.5069195231097827,0.15808249903031163,0.5064834358910493,0.11085784414851013,0.5479351521772734,0.39515878445078234,0.39515878445078234,0.39515878445078234,0.7880343090759094,0.39782091370055767,1.350670303840304,0.4480222952938496,5.8,,,,1.160529613494873,0.6300612092018127,0.6685320734977722
19,7,1.0,uniform,0.5389039388759492,0.17513421474578564,0.5006620747207737,0.12384919035135547,0.5437541154633437,0.40674739652779823,0.40674739652779823,0.40674739652779823,0.7879815793974431,0.39675725449901483,1.3541383935895028,0.44801934278167493,5.8,,,,1.1643625497817993,0.6298455595970154,0.6693175435066223
20,7,1.0,uniform,0.5489552199019696,0.19149295774823014,0.5176881457756546,0.10788975851959304,0.5494942349844564,0.4180445628924866,0.4180445628924866,0.4180445628924866,0.7873439114687224,0.39686687414302574,1.3533793286985705,0.44756009589116125,5.8,,,,1.1646032333374023,0.6286929249763489,0.6679039597511292
21,7,1.0,uniform,0.5325017243619861,0.1629796741304184,0.46332137979777976,0.09676668217654459,0.5496039863653521,0.4290631211359902,0.4290631211359902,0.4290631211359902,0.7869543171605689,0.39721159057846234,1.3496277360936961,0.4480833304500996,5.8,-0.008271119557321072,-0.6974995136260986,0.006441460456699133,1.160274624824524,0.6305568814277649,0.6698618531227112
22,7,1.0,uniform,0.5634144533189387,0.169349291474571,0.5538499857898753,0.12342529259009756,0.545596904074504,0.43985867703510484,0.43985867703510484,0.43985867703510484,0.7831737179162721,0.39717261141824933,1.3410481206714846,0.4475920376038447,5.8,,,,1.1581100225448608,0.6293491125106812,0.6692648530006409
23,7,1.0,uniform,0.5495741575617021,0.17851958841946686,0.5352294003753176,0.11067099214938245,0.5441601872343492,0.450469559777101,0.450469559777101,0.450469559777101,0.782837207791066,0.39681440656882705,1.3409714474948733,0.4477308461499527,5.8,,,,1.1546211242675781,0.6287649273872375,0.6681119203567505
24,7,1.0,uniform,0.5194473877998473,0.15518742859085344,0.52609181124271,0.10729298523348282,0.5440822191810243,0.46083066427806246,0.46083066427806246,0.46083066427806246,0.7866026548318988,0.39715734534128266,1.350966744287566,0.44735681333916677,5.8,,,,1.1569769382476807,0.6286097168922424,0.6688356995582581
25,7,1.0,uniform,0.5206044596832505,0.15873152681067507,0.4675413078211036,0.09338438974479152,0.5471118113488674,0.4709887633433165,0.4709887633433165,0.4709887633433165,0.7866517170027354,0.39667418690227524,1.3526073600527502,0.44742143908962934,5.8,,,,1.161118507385254,0.6303078532218933,0.6690160632133484
26,7,1.0,uniform,0.5302663014684565,0.1571984920378008,0.4996545928506574,0.10776779135081092,0.5407515194800596,0.48103865784433963,0.48103865784433963,0.48103865784433963,0.7860761597166936,0.39698322208427445,1.3517771326818842,0.44682902123730256,5.8,0.00014062576519791037,-0.6962992548942566,-0.00011038211232516915,1.1615314483642578,0.6303534507751465,0.6694560050964355
27,7,1.0,uniform,0.5380209322550655,0.20230701958531994,0.48450723864813283,0.09730991700178593,0.5386057227184942,0.4907934372364775,0.4907934372364775,0.4907934372364775,0.7863022544498527,0.39695292229735696,1.3518466025460756,0.4470482640391354,5.8,,,,1.161742925643921,0.6288883090019226,0.6692470908164978
28,7,1.0,uniform,0.5128340014194748,0.16717729604941822,0.5512527794897341,0.1106094538268147,0.5421535834900564,0.5005112669623176,0.5005112669623176,0.5005112669623176,0.7892417400164375,0.396631646039184,1.3596094349586287,0.44747907600028025,5.8,,,,1.1633208990097046,0.630338728427887,0.6703413128852844
29,7,1.0,uniform,0.4912807261313314,0.14426155878145963,0.5093967775482159,0.10504800878810135,0.5397867558515437,0.5099399508112155,0.5099399508112155,0.5099399508112155,0.7916561755551,0.3973930193737605,1.3611974463712702,0.4482236606064842,5.8,,,,1.1660346984863281,0.630021333694458,0.66960608959198
30,7,1.0,uniform,0.5131047345815382,0.16984364400096957,0.4841219154183577,0.09850372227288756,0.5377902727833438,0.5193686346601132,0.5193686346601132,0.5193686346601132,0.7875841958814312,0.39711201919738903,1.3517113911012375,0.4480531185735261,5.8,,,,1.1608965396881104,0.6289697885513306,0.6687785387039185
31,7,1.0,uniform,0.5266559706242023,0.1576425559317207,0.5294761626489801,0.1049286060967209,0.5362884918262577,0.5284923214015302,0.5284923214015302,0.5284923214015302,0.7861149589567726,0.3970063878589322,1.3480325630138015,0.4480962305610357,5.8,-0.0036577132996171713,0.5389578938484192,-0.002413644688203931,1.1594213247299194,0.6306039690971375,0.668837308883667
32,7,1.0,uniform,0.4982935480538867,0.15306739787509888,0.49025302537278953,0.09768181978866197,0.5417434420563658,0.5376110024203633,0.5376110024203633,0.5376110024203633,0.7877046736567301,0.3966955271220103,1.3515999054284076,0.44869648616386815,5.8,,,,1.160561203956604,0.6307803392410278,0.6708701848983765
33,7,1.0,uniform,0.5230989533872467,0.17887378260291265,0.5555083658782443,0.1150302042459512,0.5465618646337778,0.5465236117855061,0.5465236117855061,0.5465236117855061,0.7892327339888661,0.3973502713910357,1.3571609859903826,0.4474595877541205,5.8,,,,1.1634504795074463,0.6302534937858582,0.6702337265014648
34,7,1.0,uniform,0.48523962800430503,0.13793043237135272,0.5153203238843989,0.11726545362629802,0.5489147663764956,0.5553326901943005,0.5553326901943005,0.5553326901943005,0.7868589622224783,0.39739420222663463,1.348337719534162,0.4482144264414841,5.8,,,,1.1609362363815308,0.630587100982666,0.6689366102218628
35,7,1.0,uniform,0.4837314360353336,0.14037710624243482,0.4986753183440468,0.13713160366465726,0.5199914686100346,0.5641176437816462,0.5641176437816462,0.5641176437816462,0.78617166978303,0.3968445557173683,1.347759745787325,0.44841161877827873,5.8,,,,1.1607364416122437,0.6305636763572693,0.6713240742683411
36,7,1.0,uniform,0.5142563918017,0.15635161741980214,0.5046174921844314,0.1150430367645457,0.5438373140846935,0.5726175187233636,0.5726175187233636,0.5726175187233636,0.7831452198684475,0.3967832936600306,1.3376014690732332,0.4491232578931417,5.8,0.04705165699124336,-0.5618935823440552,-0.059765469282865524,1.157095193862915,0.6304664015769958,0.6700727343559265
37,7,1.0,uniform,0.5192328838329818,0.14887026360723704,0.4703199992336113,0.09372477597014775,0.5474835731189207,0.5811173936650812,0.5811173936650812,0.5811173936650812,0.7855120303849465,0.39653761606809873,1.3473511249737968,0.4483117967453586,5.8,,,,1.1599140167236328,0.6324687004089355,0.6673964262008667
38,7,1.0,uniform,0.5230152343632856,0.15180050721908175,0.5119886617042995,0.12450022219934903,0.5498498735068835,0.5895621839271007,0.5895621839271007,0.5895621839271007,0.7871447741725038,0.39699490400901527,1.3505647690015068,0.44820571401233755,5.8,,,,1.1617190837860107,0.6298761367797852,0.6679879426956177
39,7,1.0,uniform,0.5359367034197347,0.15559540187277238,0.42558365292808403,0.09024746158509013,0.5489651802698904,0.5977532534723363,0.5977532534723363,0.5977532534723363,0.7843333710489315,0.3973825258979631,1.341934062768278,0.4480904982339867,5.8,,,,1.1599899530410767,0.6307626366615295,0.6703209280967712
40,7,1.0,uniform,0.49482566450413346,0.14329470682797468,0.5379138898380046,0.11243091602827968,0.5449987987996394,0.6059443230175718,0.6059443230175718,0.6059443230175718,0.7832594245802367,0.3966176421361199,1.3419333501153639,0.4479746607713824,5.8,,,,1.1575558185577393,0.6321167945861816,0.6687588691711426
41,7,1.0,uniform,0.5036932168431014,0.1491277860658759,0.5396116537924003,0.1121457915483924,0.5486338867669018,0.6141353925628074,0.6141353925628074,0.6141353925628074,0.7857808076398342,0.39686484849609144,1.3480844614807694,0.4479177676173797,5.8,-2.2798654754296876e-05,0.35265374183654785,-4.971460293745622e-05,1.1591944694519043,0.6300734877586365,0.6699284315109253
42,7,1.0,uniform,0.513669942121415,0.15142495188693125,0.5165241928702429,0.10478022411074571,0.5494533829970663,0.6220442122938817,0.6220442122938817,0.6220442122938817,0.7887563809557253,0.39680087247529927,1.3558954117600053,0.44807775286087304,5.8,,,,1.1642001867294312,0.6285703182220459,0.6678869128227234
43,7,1.0,uniform,0.5217240454365218,0.14474974619725336,0.5652356485724412,0.11164332621687897,0.542525904420726,0.6299268734455296,0.6299268734455296,0.6299268734455296,0.7883589969191489,0.3971291278777685,1.3550998852242548,0.44760250004097885,5.8,,,,1.1629271507263184,0.6292495727539062,0.6697952747344971
44,7,1.0,uniform,0.5190021358763923,0.1487476430973082,0.5276208632304775,0.10524667425064976,0.5303806203690952,0.6378095345971776,0.6378095345971776,0.6378095345971776,0.7896872700301841,0.39731566809670893,1.357082859397455,0.4479304395908872,5.8,,,,1.167070984840393,0.6304265260696411,0.6678423285484314
45,7,1.0,uniform,0.5078858322420704,0.1437114860270461,0.5516269262169881,0.10931063252673323,0.5439508380639835,0.6456225985558007,0.6456225985558007,0.6456225985558007,0.7827946783153251,0.3968384684303442,1.3409147491621658,0.44765767520171584,5.8,,,,1.1576448678970337,0.629630446434021,0.6700759530067444
46,7,1.0,uniform,0.5119509947985912,0.14761620959341323,0.5652585337918893,0.11188119241877066,0.5363816961600077,0.6531972472536928,0.6531972472536928,0.6531972472536928,0.784990194322761,0.3960712632107422,1.348980600656901,0.447780332971348,5.8,0.00011238286242587492,0.24510614573955536,-0.00036979152355343103,1.1611801385879517,0.6292875409126282,0.6672228574752808
47,7,1.0,uniform,0.4719670388622876,0.1280734140810169,0.5724562014154775,0.12121882394710531,0.5499713346905185,0.6607718959515848,0.6607718959515848,0.6607718959515848,0.7849693104429537,0.39713432473907306,1.3459491331504423,0.44757898796073214,5.8,,,,1.1591209173202515,0.629928708076477,0.6686431765556335
48,7,1.0,uniform,0.5058032694569676,0.14304208771290358,0.6197748520177844,0.1410531287200781,0.5485540622495988,0.6683465446494766,0.6683465446494766,0.6683465446494766,0.7874556939935059,0.39751786273379514,1.3512302488739314,0.44765530324919256,5.8,,,,1.1608765125274658,0.6304353475570679,0.6697522401809692
49,7,1.0,uniform,0.5037502790634133,0.14244363752028033,0.41733326520988945,0.0925413783731326,0.5506825081039135,0.6759106339759428,0.6759106339759428,0.6759106339759428,0.7857578577693373,0.39712787897826285,1.3486219241108957,0.44740984754791424,5.8,,,,1.1602054834365845,0.6310689449310303,0.6697660684585571
50,7,1.0,uniform,0.5040443369286697,0.14415228530925778,0.4285597958851311,0.08660909398280153,0.5509878204059894,0.6831776651014589,0.6831776651014589,0.6831776651014589,0.7833480353438698,0.396637526596998,1.3465234801238282,0.4465331118960568,5.8,,,,1.1603553295135498,0.6304610967636108,0.668563723564148
51,7,1.0,uniform,0.5043075728647067,0.14086067229829452,0.43787674127248205,0.08909093357769099,0.5508002040641937,0.690444696226975,0.690444696226975,0.690444696226975,0.7880880745477551,0.39703889113065977,1.3521852529725653,0.44840997119137294,5.8,-1.4297908137450577e-06,-0.1841803342103958,9.3152209501568e-07,1.1609687805175781,0.6320357322692871,0.6712678074836731
52,7,1.0,uniform,0.5056716514889491,0.14345500994719976,0.41000680170010567,0.0867247768636567,0.5525484779708392,0.6977117273524912,0.6977117273524912,0.6977117273524912,0.7785921534076008,0.39697605065643526,1.3318050355369868,0.44680113667483934,5.8,,,,1.1596410274505615,0.6310145854949951,0.6658403277397156
53,7,1.0,uniform,0.5035920042917453,0.1425168047444386,0.4625390246213028,0.09875118328304258,0.5495243299921152,0.7049787584780074,0.7049787584780074,0.7049787584780074,0.785279923391134,0.3970318163976919,1.3483066793091953,0.4472204032943759,5.8,,,,1.1580268144607544,0.6316390633583069,0.6682094931602478
54,7,1.0,uniform,0.5041859511980566,0.14150582507158627,0.4626055514220237,0.09939564748127122,0.5501721767370384,0.7121701654860202,0.7121701654860202,0.7121701654860202,0.7893691521024079,0.39687145706347504,1.3579945072336488,0.447840602246955,5.8,,,,1.1658724546432495,0.6311784386634827,0.6703752875328064
55,7,1.0,uniform,0.50287560269367,0.14326458632818698,0.5417101751943381,0.11478187845137312,0.5490442354083236,0.719129972866668,0.719129972866668,0.719129972866668,0.7839503590196502,0.3966680933034056,1.3451788498324597,0.4474638744733219,5.8,,,,1.1604524850845337,0.6303185820579529,0.6683214902877808
56,7,1.0,uniform,0.4663145469509614,0.1234900486357823,0.5702336740569959,0.11880927030920775,0.5513028183283374,0.7260897802473159,0.7260897802473159,0.7260897802473159,0.7803884095239848,0.3962582850820633,1.3383027117325228,0.4470496415831637,5.8,5.8744175476022065e-05,0.612821638584137,3.683504110085778e-05,1.1597378253936768,0.6286056041717529,0.6680365800857544
57,7,1.0,uniform,0.48301378489958713,0.13447915750452805,0.45405659142219396,0.09771397456121089,0.552293269014865,0.7330495876279638,0.7330495876279638,0.7330495876279638,0.7850152230679208,0.3966870322888595,1.3470516259493266,0.4477859054850699,5.8,,,,1.1618958711624146,0.6299564242362976,0.669187068939209
58,7,1.0,uniform,0.4842474950934821,0.13952738442354204,0.44938108786753395,0.09342180745919605,0.5473963588554741,0.7400093950086117,0.7400093950086117,0.7400093950086117,0.7860564603815954,0.3967723342138607,1.3527578289852393,0.44670443828970063,5.8,,,,1.1650663614273071,0.630757749080658,0.6682962775230408
59,7,1.0,uniform,0.5086601290855717,0.14441608497988626,0.5058756470396638,0.11329403499542567,0.5527191839696729,0.7469692023892596,0.7469692023892596,0.7469692023892596,0.7833736730194508,0.39624580129265263,1.3422942578011725,0.4483708875928904,5.8,,,,1.1599597930908203,0.6288759708404541,0.6706300973892212
60,7,1.0,uniform,0.5090337408492192,0.14376902450421625,0.4555712736210059,0.09441194846103917,0.552589854116982,0.753700617375209,0.753700617375209,0.753700617375209,0.7837795168812098,0.396885191639438,1.3467364823974377,0.4465596776081485,5.8,,,,1.1602751016616821,0.6307001113891602,0.6668426394462585
61,7,1.0,uniform,0.50500189929726,0.14573835819067976,0.5614899235846557,0.1288844906020587,0.5470732809013978,0.7603535937891774,0.7603535937891774,0.7603535937891774,0.7790627305164087,0.39661578547746335,1.3330088653418695,0.44722937145087394,5.8,-5.2647565098595805e-06,0.8172037601470947,2.2694675863021985e-06,1.1560235023498535,0.6297562718391418,0.6671941876411438
62,7,1.0,uniform,0.4648280136349551,0.13249276131552054,0.43964901524368505,0.08805158548854894,0.5484978651945164,0.7670065702031459,0.7670065702031459,0.7670065702031459,0.7863839543282205,0.3962309637704791,1.35430124493145,0.4471008883032736,5.8,,,,1.1573642492294312,0.629074215888977,0.6672183871269226
63,7,1.0,uniform,0.4875804285747607,0.13751989961502378,0.5464979759886148,0.12304905981535123,0.5508570167625937,0.7736595466171143,0.7736595466171143,0.7736595466171143,0.7881561966702407,0.39678914018593503,1.3584425506633442,0.44671964346061105,5.8,,,,1.1651884317398071,0.6317955851554871,0.6688293814659119
64,7,1.0,uniform,0.4577660432306713,0.1241742791328043,0.5541528157867566,0.12451524238472157,0.5484099062766833,0.7803125230310828,0.7803125230310828,0.7803125230310828,0.7873718521220194,0.39666719031906544,1.3564670632499796,0.446827183774465,5.8,,,,1.1629412174224854,0.628683865070343,0.6685641407966614
65,7,1.0,uniform,0.4657218495823212,0.12969303705798807,0.5546653382595099,0.12127872493962538,0.5498548355920713,0.7869654994450512,0.7869654994450512,0.7869654994450512,0.7875499903635167,0.3971712139626257,1.3550259525598918,0.4468868153584576,5.8,,,,1.1618973016738892,0.6306564211845398,0.6709566116333008
66,7,1.0,uniform,0.5066442083095921,0.14297109259911295,0.4999670027068425,0.10416089945088317,0.5518474265826301,0.7935014411179728,0.7935014411179728,0.7935014411179728,0.7842102905808578,0.3964571224029408,1.3484630839793443,0.4468630100702094,5.8,-4.206231551506789e-06,-0.08692193776369095,-3.567342719179578e-05,1.1623222827911377,0.6322404146194458,0.6690449714660645
67,7,1.0,uniform,0.504331730593014,0.14354512412693604,0.605142681360042,0.15059548444600065,0.5497070298465231,0.7998479782986556,0.7998479782986556,0.7998479782986556,0.7861698232103123,0.39651027744774214,1.3524927361563304,0.44720680627760406,5.8,,,,1.1620397567749023,0.6299161314964294,0.6684605479240417
68,7,1.0,uniform,0.5069203561348967,0.14261418852447444,0.49446284132240376,0.10239451468269264,0.5502777957685667,0.8061945154793384,0.8061945154793384,0.8061945154793384,0.7893766907885605,0.3965225026466961,1.3626320541685846,0.4467184816906025,5.8,,,,1.1679637432098389,0.6302241086959839,0.669067919254303
69,7,1.0,uniform,0.5045862197653534,0.1426427745934753,0.5005694694141704,0.10609136753918864,0.5491611392536607,0.8125410526600212,0.8125410526600212,0.8125410526600212,0.7820834617687625,0.3965363579285717,1.3441769056445125,0.4462890851445594,5.8,,,,1.1618690490722656,0.6282650828361511,0.6673454642295837
70,7,1.0,uniform,0.49687240720933257,0.1397921456486388,0.4355509643192818,0.08910176384948368,0.5491603519126382,0.818887589840704,0.818887589840704,0.818887589840704,0.7880674978010519,0.3967209751168713,1.3586294138275379,0.44662189587755496,5.8,,,,1.1659071445465088,0.6304754018783569,0.6670168042182922
71,7,1.0,uniform,0.5012083029279166,0.14382213847746433,0.5049341597558626,0.10488083760235792,0.5511999384594182,0.8252341270213869,0.8252341270213869,0.8252341270213869,0.7828820712181158,0.39579878038193983,1.3500399287611116,0.44590115755406007,5.8,-1.1414555046940222e-05,-0.48857080936431885,-1.3384880730882287e-05,1.1656239032745361,0.6303518414497375,0.6676962375640869
72,7,1.0,uniform,0.506236026003712,0.14450466168521062,0.5042380233131198,0.10370128321179435,0.5495956057669884,0.8315806642020697,0.8315806642020697,0.8315806642020697,0.7881962535943526,0.39645745510878,1.359933181881384,0.44664053208963317,5.8,,,,1.1639384031295776,0.6290652751922607,0.6652342081069946
73,7,1.0,uniform,0.4851421640659622,0.13657124830138867,0.5045807693904336,0.10365759601214385,0.5493156923565313,0.8379272013827525,0.8379272013827525,0.8379272013827525,0.7860899300814717,0.3968071653853337,1.3514856922574439,0.4471419807604827,5.8,,,,1.163300633430481,0.6303342580795288,0.6682251691818237
74,7,1.0,uniform,0.49718895675266817,0.13851440088417818,0.5047766242917557,0.10402594962727754,0.5502673115911965,0.8439761908729294,0.8439761908729294,0.8439761908729294,0.788384199142456,0.396534871976969,1.3589986250390131,0.44702224700211435,5.8,,,,1.1647350788116455,0.6308594942092896,0.6688125729560852
75,7,1.0,uniform,0.46091362862407576,0.1238835484208911,0.5052971299805955,0.10637310638605439,0.5499803204070786,0.8500166795134223,0.8500166795134223,0.8500166795134223,0.7878593510935921,0.39695006556906554,1.3537032580792123,0.4478269052817832,5.8,,,,1.1637908220291138,0.6311371922492981,0.66796875
76,7,1.0,uniform,0.5046066288806474,0.14280939892597969,0.5051252247275329,0.10651349541224435,0.5507103681208386,0.8560571681539151,0.8560571681539151,0.8560571681539151,0.783809242940886,0.3972976272803727,1.345400431530965,0.44655511082520133,5.8,3.404554149710748e-07,-0.031807009130716324,-9.644202236813726e-08,1.1594666242599487,0.6289808750152588,0.6703503131866455
77,7,1.0,uniform,0.5048257144856403,0.14190135842421117,0.4578108318404719,0.09407359306080887,0.5532380911820892,0.8620976567944079,0.8620976567944079,0.8620976567944079,0.7875470295223086,0.3967113148697599,1.3563310772050416,0.4469501489374835,5.8,,,,1.165696620941162,0.6304892301559448,0.6697951555252075
78,7,1.0,uniform,0.502793549719937,0.1436338782641831,0.49672102704607174,0.10304286021269782,0.5472827755864382,0.8681381454349006,0.8681381454349006,0.8681381454349006,0.79091940123962,0.3976455997822066,1.360543469935005,0.4475121770102905,5.8,,,,1.1646361351013184,0.6304588317871094,0.6694031357765198
79,7,1.0,uniform,0.5232884666006911,0.1482487153931153,0.5005801137022857,0.10401259344206593,0.5355812567910676,0.8741786340753934,0.8741786340753934,0.8741786340753934,0.7880928371931267,0.39687954943513243,1.358892976717137,0.44641899463911766,5.8,,,,1.166815996170044,0.6306194067001343,0.6677730083465576
80,7,1.0,uniform,0.5056187543942074,0.14064457920106704,0.5051252247275329,0.10483891815883563,0.5499892607400916,0.8802191227158862,0.8802191227158862,0.8802191227158862,0.7883532661537936,0.39689624765033804,1.3583388201013924,0.446797302586543,5.8,,,,1.1616467237472534,0.6304559111595154,0.6670311093330383
81,7,1.0,uniform,0.5056508258610981,0.1415675214838703,0.5140414126673415,0.10678644014749812,0.5518012686948811,0.886259611356379,0.886259611356379,0.886259611356379,0.7825852067710011,0.39655951290151437,1.343670138625599,0.4469019585821826,5.8,4.967916993336985e-07,-0.5220346450805664,-4.954168275617121e-07,1.1583023071289062,0.630820631980896,0.6680771708488464
82,7,1.0,uniform,0.5111296320361467,0.1448813235660314,0.608867117771597,0.13466055842828706,0.5493251668853261,0.892215845839502,0.892215845839502,0.892215845839502,0.7855849204885907,0.3967974234746533,1.3488921851049864,0.4475420338618183,5.8,,,,1.1596038341522217,0.6295842528343201,0.6667088866233826
83,7,1.0,uniform,0.4752654018013335,0.13276069274173832,0.5051284180139675,0.10499202101028919,0.5501465413773182,0.8979506755970713,0.8979506755970713,0.8979506755970713,0.7855635485794867,0.3970553239880691,1.3506234207528127,0.4466922710035566,5.8,,,,1.1633963584899902,0.6296730637550354,0.6670746803283691
84,7,1.0,uniform,0.49706108739766286,0.14547154325659972,0.5051050005801138,0.1049239647097052,0.550009217229135,0.9036855053546405,0.9036855053546405,0.9036855053546405,0.7845490978274283,0.3965081329168711,1.3519939978049833,0.44593910085582317,5.8,,,,1.163650631904602,0.6302800178527832,0.6661521792411804
85,7,1.0,uniform,0.5071465224533589,0.13985427531049738,0.5051050005801138,0.1049239647097052,0.5515341982993636,0.9094203351122098,0.9094203351122098,0.9094203351122098,0.7803942470050795,0.39641749800292686,1.3384840277605181,0.4468080414434708,5.8,,,,1.1555172204971313,0.6303057670593262,0.6680968999862671
86,7,1.0,uniform,0.48680696475637353,0.13927758713546096,0.5005662761277357,0.10459023530411145,0.5523361201087371,0.915155164869779,0.915155164869779,0.915155164869779,0.7827127888213079,0.3969085839247599,1.3469995741760887,0.44549177346271196,5.8,-2.8206676461195457e-07,-0.6288065910339355,-2.1568771657598518e-08,1.1578234434127808,0.6291863918304443,0.6675826907157898
87,7,1.0,uniform,0.48717849395723584,0.1374909174674528,0.5051289502283732,0.1044824359339668,0.5503051313092552,0.9208899946273482,0.9208899946273482,0.9208899946273482,0.7839110601677124,0.39645226560045016,1.3494272895775508,0.4462833559408979,5.8,,,,1.1632522344589233,0.6294927000999451,0.6672090888023376
88,7,1.0,uniform,0.504169290695776,0.13866013218639825,0.505113516010606,0.10458289544294276,0.5510643074221726,0.9266248243849174,0.9266248243849174,0.9266248243849174,0.7858518030185366,0.3969401191415745,1.3526177096575107,0.4464155162265728,5.8,,,,1.1621230840682983,0.629559338092804,0.6697296500205994
89,7,1.0,uniform,0.5008009536471506,0.13760975425559294,0.6153649234516021,0.141412118698934,0.5507963279653383,0.9323596541424868,0.9323596541424868,0.9323596541424868,0.7876315453947892,0.3965375469631503,1.3576989087996003,0.44676913314511163,5.8,,,,1.1645550727844238,0.6286582350730896,0.6689666509628296
90,7,1.0,uniform,0.502915587899144,0.13589637593347753,0.5051103227241714,0.10472812783822781,0.5504635062993298,0.938094483900056,0.938094483900056,0.938094483900056,0.7857489579369408,0.3970892742991968,1.350770622101413,0.44677712029765265,5.8,,,,1.1647330522537231,0.6318970918655396,0.6694399118423462
91,7,1.0,uniform,0.4823544455218236,0.13613829907416475,0.5051081938665483,0.10483724808948452,0.5509124185877735,0.9438293136576252,0.9438293136576252,0.9438293136576252,0.7867825348824913,0.39659903338382335,1.3581157105458355,0.4458044651554141,5.8,-1.8190895900715986e-07,0.2872622311115265,-1.0749913315066806e-07,1.1627260446548462,0.6320856213569641,0.6680055260658264
92,7,1.0,uniform,0.5067050191429171,0.1408093685268325,0.5051230958699098,0.10407449096022255,0.5512740479624362,0.9495641434151944,0.9495641434151944,0.9495641434151944,0.787672107396688,0.3966260763885673,1.357183719306013,0.4468790336987858,5.8,,,,1.1649249792099,0.6312390565872192,0.6676360964775085
93,7,1.0,uniform,0.49585028539440407,0.1353427725913232,0.45031938186490056,0.09281040095852816,0.5504263890056302,0.9549996613014694,0.9549996613014694,0.9549996613014694,0.7780835532205074,0.39657847049715217,1.3360031130011947,0.44539376624807,5.8,,,,1.1558295488357544,0.6309403777122498,0.6675283908843994
94,7,1.0,uniform,0.5023737050624602,0.13975819277587764,0.582342084002593,0.15457093076785555,0.5501359223520784,0.9604292208019946,0.9604292208019946,0.9604292208019946,0.7855899806366217,0.3964637881022874,1.3516941744687776,0.44700539047020493,5.8,,,,1.1628254652023315,0.6299258470535278,0.6689097285270691
95,7,1.0,uniform,0.48210787008806744,0.14145747481643162,0.3831007024165727,0.08457464735792526,0.5516760164341833,0.9658587803025195,0.9658587803025195,0.9658587803025195,0.7846249798760143,0.39666957879951426,1.3511066631979296,0.4461259441084216,5.8,,,,1.160313606262207,0.63010573387146,0.6682033538818359
96,7,1.0,uniform,0.5047732339034557,0.13848302277867258,0.5051241602987213,0.10422011495905756,0.5515837434083241,0.9712883398030444,0.9712883398030444,0.9712883398030444,0.7865771187965527,0.396704768509844,1.353971715837587,0.44687429551994956,5.8,3.7236802654661005e-06,-0.21361121535301208,-1.4455243217526004e-05,1.1588374376296997,0.6312220692634583,0.6676690578460693
97,7,1.0,uniform,0.5060810833325003,0.14148108282747537,0.5051119193673886,0.10476453383793656,0.5506560631318911,0.9767178993035693,0.9767178993035693,0.9767178993035693,0.779734484363331,0.3964393777878524,1.3404780196831216,0.4455215118857971,5.8,,,,1.1580085754394531,0.6313186287879944,0.6671372652053833
98,7,1.0,uniform,0.5068766223164096,0.14412415447568783,0.3944666732661253,0.08405410444260826,0.5512482677027838,0.9821474588040945,0.9821474588040945,0.9821474588040945,0.7838800006818563,0.39646918635701506,1.351800466468761,0.44543224377923657,5.8,,,,1.1583738327026367,0.6304435729980469,0.6693049669265747
99,7,1.0,uniform,0.5089800107293635,0.13826102502270185,0.5051103227241714,0.10536503739848432,0.5491346128250625,0.9875770183046196,0.9875770183046196,0.9875770183046196,0.782611523653222,0.39682954139844817,1.34467183112057,0.44627294321768146,5.8,,,,1.1611658334732056,0.6308209896087646,0.6678850054740906
100,7,1.0,uniform,0.5211850781877372,0.1418079677676288,0.5057718652305392,0.10565985022182557,0.544408158311606,0.9930065778051446,0.9930065778051446,0.9930065778051446,0.7875919965417104,0.39694999731003455,1.3551286831172793,0.4471260668408923,5.8,,,,1.1642396450042725,0.6296449303627014,0.6697234511375427
